bioguide_id,full_name,communication_count,attack_personal,outcome_bipartisanship,attack_personal_pct,outcome_bipartisanship_pct,attack_personal_norm,outcome_bipartisanship_norm,attack_personal_pct_norm,outcome_bipartisanship_pct_norm
A000055,Robert Aderholt,71.0,1.0,2.0,1.4084507042253522,2.8169014084507045,29.88410532808442,16.216277000614294,27.97028171146477,16.25779333497599
A000148,Jake Auchincloss,473.0,26.0,57.0,5.496828752642706,12.050739957716702,65.42497248548318,95.94135316094659,67.31738399466539,89.17251390666763
A000369,Mark Amodei,111.0,1.0,14.0,0.9009009009009009,12.612612612612612,29.88410532808442,34.82407507109054,23.826529814654396,91.47845155921013
A000370,Alma Adams,38.0,1.0,1.0,2.631578947368421,2.631578947368421,29.88410532808442,15.027941766894298,39.171428094251326,15.18651972940912
A000371,Pete Aguilar,38.0,0.0,1.0,0.0,2.631578947368421,28.613247652723473,15.027941766894298,17.376426176168696,15.18651972940912
A000372,Rick Allen,268.0,0.0,18.0,0.0,6.7164179104477615,28.613247652723473,42.40421558190651,17.376426176168696,48.144225544923586
A000375,Jodey Arrington,439.0,9.0,15.0,2.050113895216401,3.416856492027335,40.831611500213924,36.676009636889034,33.66262324968275,20.053887942562582
A000379,Mark Alford,392.0,4.0,26.0,1.0204081632653061,6.63265306122449,33.84160303869421,58.13932582946625,24.77095554826802,47.342223383973526
A000380,Gabe Amo,225.0,19.0,13.0,8.444444444444445,5.777777777777778,55.48575779151855,33.00763924499962,88.35734449392602,39.274611397413565
A000381,Yassamin Ansari,,15.27,21.86,3.72,6.91,50.0,50.0,50.0,50.0
A000382,Angela Alsobrooks,,15.27,21.86,3.72,6.91,50.0,50.0,50.0,50.0
B000490,Sanford Bishop,74.0,0.0,5.0,0.0,6.756756756756757,28.613247652723473,20.137370370957736,17.376426176168696,48.530735934968384
B000668,Cliff Bentz,147.0,1.0,5.0,0.6802721088435374,3.4013605442176873,29.88410532808442,20.137370370957736,22.13600382271677,19.94959716139652
B000740,Stephanie Bice,273.0,1.0,21.0,0.3663003663003663,7.6923076923076925,29.88410532808442,48.29783509252229,19.852714622415572,57.458312740859604
B000825,Lauren Boebert,191.0,3.0,13.0,1.5706806282722512,6.806282722513089,32.499640115792296,33.00763924499962,29.364841789178552,49.00545863284246
B001230,Tammy Baldwin,499.0,28.0,47.0,5.61122244488978,9.418837675350701,68.11025127028834,89.39190293908455,68.35259230889135,72.67742535348741
B001236,John Boozman,299.0,1.0,55.0,0.33444816053511706,18.394648829431436,29.88410532808442,94.99805441004064,19.629292066648645,99.71164088631868
B001243,Marsha Blackburn,699.0,23.0,25.0,3.290414878397711,3.5765379113018603,61.25122191482267,56.191698732131215,45.68070394684059,21.14752327765207
B001257,Gus Bilirakis,346.0,2.0,15.0,0.5780346820809248,4.335260115606936,31.1800069324024,36.676009636889034,21.376495452181693,26.798194306624403
B001260,Vern Buchanan,180.0,1.0,26.0,0.5555555555555556,14.444444444444443,29.88410532808442,58.13932582946625,21.21155966355558,96.49423064950753
B001261,John Barrasso,1320.0,29.0,81.0,2.196969696969697,6.136363636363637,69.4191367185572,99.83321948752526,35.026555885639894,42.623403403956026
B001267,Michael Bennet,486.0,27.0,50.0,5.555555555555555,10.2880658436214,66.7783803779715,91.87219298524455,67.85056386342087,79.16142425227478
B001277,Richard Blumenthal,782.0,160.0,59.0,20.460358056265985,7.544757033248081,99.99999566121583,96.73483541342436,99.99881777051672,56.06375480673498
B001278,Suzanne Bonamici,186.0,7.0,7.0,3.763440860215054,3.763440860215054,37.98620191116468,23.041859944476556,50.437627481210434,22.47093766023291
B001281,Joyce Beatty,146.0,9.0,3.0,6.164383561643835,2.054794520547945,40.831611500213924,17.464170428385355,73.14712049666728,12.158162193445133
B001282,Andy Barr,,15.27,21.86,3.72,6.91,50.0,50.0,50.0,50.0
B001285,Julia Brownley,67.0,6.0,6.0,8.955223880597014,8.955223880597014,36.586489164124316,21.561260880381887,90.69202920830236,68.85131953523427
B001287,Ami Bera,162.0,0.0,19.0,0.0,11.728395061728394,28.613247652723473,44.356548298261735,17.376426176168696,87.66226659607538
B001288,Cory Booker,288.0,16.0,39.0,5.555555555555555,13.541666666666666,51.076895311127515,80.2509858608777,67.85056386342087,94.45488506275885
B001291,Brian Babin,358.0,21.0,3.0,5.865921787709497,0.8379888268156425,58.39107061769976,17.464170428385355,70.60561091760705,7.2197535033466655
B001292,Donald Beyer,378.0,48.0,13.0,12.698412698412698,3.439153439153439,88.69428390662577,33.00763924499962,98.83133126651616,20.204523951780544
B001295,Mike Bost,247.0,0.0,5.0,0.0,2.0242914979757085,28.613247652723473,20.137370370957736,17.376426176168696,12.010758232228557
B001296,Brendan Boyle,177.0,18.0,6.0,10.16949152542373,3.389830508474576,54.0209504010364,21.561260880381887,94.83074370380766,19.87220999220296
B001298,Don Bacon,942.0,95.0,20.0,10.084925690021231,2.1231422505307855,99.8403888269463,46.32267884440836,94.60062025791257,12.493052173965152
B001299,Jim Banks,202.0,7.0,5.0,3.4653465346534658,2.4752475247524752,37.98620191116468,20.137370370957736,47.436311657134524,14.320136353824676
B001300,Nanette Barragán,182.0,16.0,6.0,8.791208791208792,3.296703296703297,51.076895311127515,21.561260880381887,89.98343549903689,19.25381921359638
B001301,Jack Bergman,431.0,7.0,56.0,1.6241299303944314,12.993039443155451,37.98620191116468,95.48951713455374,29.831250867167114,92.81662582848983
B001302,Andy Biggs,565.0,35.0,16.0,6.1946902654867255,2.831858407079646,76.72009091291778,38.55949306930117,73.39888029557936,16.346347626510337
B001303,Lisa Blunt Rochester,159.0,5.0,15.0,3.1446540880503147,9.433962264150944,35.204408592945136,36.676009636889034,44.22412029193417,72.79821900361036
B001305,Ted Budd,154.0,1.0,28.0,0.6493506493506493,18.181818181818183,29.88410532808442,61.970825084634875,21.904679336640736,99.66314926784688
B001306,Troy Balderson,86.0,0.0,5.0,0.0,5.813953488372093,28.613247652723473,20.137370370957736,17.376426176168696,39.60931239511371
B001307,James Baird,102.0,0.0,5.0,0.0,4.901960784313726,28.613247652723473,20.137370370957736,17.376426176168696,31.465376574135234
B001309,Tim Burchett,350.0,15.0,5.0,4.285714285714286,1.4285714285714286,49.601654490376006,20.137370370957736,55.67984968164682,9.381023575316133
B001313,Shontel Brown,275.0,23.0,20.0,8.363636363636363,7.2727272727272725,61.25122191482267,46.32267884440836,87.95289855415503,53.47413679836468
B001314,Aaron Bean,242.0,1.0,10.0,0.4132231404958678,4.132231404958678,29.88410532808442,27.806964536365253,20.184628131319073,25.215207316494272
B001315,Nikki Budzinski,,15.27,21.86,3.72,6.91,50.0,50.0,50.0,50.0
B001316,Eric Burlison,408.0,18.0,3.0,4.411764705882353,0.7352941176470588,54.0209504010364,17.464170428385355,56.93376237117496,6.886410521628443
B001317,Josh Brecheen,208.0,3.0,1.0,1.4423076923076923,0.4807692307692308,32.499640115792296,15.027941766894298,28.25865334691706,6.111411461494367
B001318,Becca Balint,367.0,27.0,11.0,7.3569482288828345,2.997275204359673,66.7783803779715,29.495798096473848,82.08008203043559,17.346549025787024
B001319,Katie Britt,952.0,6.0,156.0,0.6302521008403361,16.386554621848738,36.586489164124316,99.99999999860331,21.76249968164513,98.86372455622478
B001321,Tom Barrett,,15.27,21.86,3.72,6.91,50.0,50.0,50.0,50.0
B001322,Michael Baumgartner,,15.27,21.86,3.72,6.91,50.0,50.0,50.0,50.0
B001323,Nicholas Begich,,15.27,21.86,3.72,6.91,50.0,50.0,50.0,50.0
B001324,Wesley Bell,,15.27,21.86,3.72,6.91,50.0,50.0,50.0,50.0
B001325,Sheri Biggs,,15.27,21.86,3.72,6.91,50.0,50.0,50.0,50.0
B001326,Janelle Bynum,,15.27,21.86,3.72,6.91,50.0,50.0,50.0,50.0
B001327,Robert Bresnahan,,15.27,21.86,3.72,6.91,50.0,50.0,50.0,50.0
C000059,Ken Calvert,100.0,2.0,15.0,2.0,15.0,31.1800069324024,36.676009636889034,33.20195337408756,97.40951469813263
C000127,Maria Cantwell,419.0,4.0,52.0,0.9546539379474941,12.410501193317423,33.84160303869421,93.264471603366,24.248863699692798,90.69551889309385
C000537,James Clyburn,156.0,4.0,5.0,2.564102564102564,3.205128205128205,33.84160303869421,20.137370370957736,38.51841062774331,18.657346092459935
C000880,Mike Crapo,,15.27,21.86,3.72,6.91,50.0,50.0,50.0,50.0
C001035,Susan Collins,24.0,0.0,4.0,0.0,16.666666666666664,28.613247652723473,18.771384182753586,17.376426176168696,99.04954524950085
C001039,Kat Cammack,,15.27,21.86,3.72,6.91,50.0,50.0,50.0,50.0
C001047,Shelley Capito,446.0,1.0,52.0,0.2242152466367713,11.659192825112108,29.88410532808442,93.264471603366,18.86792149934043,87.31966767376137
C001051,John Carter,49.0,0.0,2.0,0.0,4.081632653061225,28.613247652723473,16.216277000614294,17.376426176168696,24.828515827427456
C001053,Tom Cole,17.0,0.0,0.0,0.0,0.0,28.613247652723473,13.89910528004159,17.376426176168696,4.835093020139322
C001055,Ed Case,319.0,0.0,32.0,0.0,10.031347962382444,28.613247652723473,69.25972385186901,17.376426176168696,77.3470213152793
C001056,John Cornyn,1130.0,29.0,71.0,2.566371681415929,6.283185840707965,69.4191367185572,99.26300975808317,38.54031883359287,44.01154635748672
C001059,Jim Costa,221.0,3.0,24.0,1.3574660633484164,10.85972850678733,32.499640115792296,54.228954263620565,27.538740960232367,82.88051133315325
C001061,Emanuel Cleaver,302.0,15.0,37.0,4.966887417218543,12.251655629139073,49.601654490376006,77.37834188396742,62.35700323705778,90.04380902296147
C001063,Henry Cuellar,146.0,0.0,11.0,0.0,7.534246575342466,28.613247652723473,29.495798096473848,17.376426176168696,55.964107420765906
C001066,Kathy Castor,492.0,14.0,24.0,2.8455284552845526,4.878048780487805,48.12695827714766,54.228954263620565,41.26139016195752,31.261563311472962
C001067,Yvette Clarke,122.0,25.0,4.0,20.491803278688526,3.278688524590164,64.05155879944215,18.771384182753586,99.99885878571868,19.135568266935255
C001068,Steve Cohen,346.0,45.0,24.0,13.005780346820808,6.9364161849710975,86.4221113646245,54.228954263620565,99.0483755860691,50.25332841942257
C001069,Joe Courtney,340.0,5.0,37.0,1.4705882352941175,10.882352941176471,35.204408592945136,77.37834188396742,28.500618723332316,83.01839771187423
C001072,André Carson,232.0,9.0,19.0,3.8793103448275863,8.189655172413794,40.831611500213924,44.356548298261735,51.60450739604051,62.08102229269333
C001075,Bill Cassidy,505.0,6.0,52.0,1.188118811881188,10.297029702970297,36.586489164124316,93.264471603366,26.12931020446715,79.2231895359376
C001078,Gerald Connolly,343.0,50.0,21.0,14.577259475218659,6.122448979591836,90.04978453827317,48.29783509252229,99.69441925732713,42.492291136032826
C001080,Judy Chu,299.0,8.0,30.0,2.6755852842809364,10.033444816053512,39.401834534579116,65.68826921046826,39.59897155354696,77.36219362952764
C001087,Eric Crawford,16.0,0.0,2.0,0.0,12.5,28.613247652723473,16.216277000614294,17.376426176168696,91.04853785580684
C001088,Christopher Coons,354.0,25.0,32.0,7.062146892655368,9.03954802259887,64.05155879944215,69.25972385186901,80.0658727864059,69.5643204220804
C001091,Joaquin Castro,114.0,3.0,7.0,2.631578947368421,6.140350877192982,32.499640115792296,23.041859944476556,39.171428094251326,42.66098868634947
C001095,Tom Cotton,240.0,21.0,21.0,8.75,8.75,58.39107061769976,48.29783509252229,89.7993660883191,67.08667173479151
C001096,Kevin Cramer,231.0,0.0,15.0,0.0,6.493506493506493,28.613247652723473,36.676009636889034,17.376426176168696,46.0125071978415
C001098,Ted Cruz,404.0,11.0,39.0,2.722772277227723,9.653465346534654,43.72622037741582,80.2509858608777,40.05880958101516,74.52084100889705
C001101,Katherine Clark,270.0,18.0,9.0,6.666666666666667,3.3333333333333335,54.0209504010364,26.16673879380551,77.1594352673507,19.495636464464532
C001103,Earl Carter,699.0,2.0,34.0,0.28612303290414876,4.86409155937053,31.1800069324024,72.65731262359222,19.293247558062777,31.14286313084583
C001108,James Comer,154.0,13.0,6.0,8.441558441558442,3.896103896103896,46.65482104063198,21.561260880381887,88.34306790972717,23.438117622706795
C001110,J. Correa,224.0,0.0,19.0,0.0,8.482142857142858,28.613247652723473,44.356548298261735,17.376426176168696,64.72545999633137
C001112,Salud Carbajal,310.0,12.0,37.0,3.870967741935484,11.935483870967742,45.187246666463295,77.37834188396742,51.52052599922556,88.64857938863008
C001113,Catherine Cortez Masto,529.0,40.0,101.0,7.561436672967864,19.092627599243855,81.97915571639629,99.99570910351106,83.3991648819906,99.82970798527356
C001114,John Curtis,145.0,0.0,13.0,0.0,8.96551724137931,28.613247652723473,33.00763924499962,17.376426176168696,68.93874191877525
C001115,Michael Cloud,275.0,6.0,10.0,2.181818181818182,3.6363636363636362,36.586489164124316,27.806964536365253,34.88490151614745,21.566089011520432
C001116,Andrew Clyde,400.0,30.0,6.0,7.5,1.5,70.70367555769805,21.561260880381887,83.0096193857658,9.671812158372612
C001117,Sean Casten,390.0,33.0,23.0,8.461538461538462,5.897435897435897,74.39898923783343,52.25583969210729,88.44165151346115,40.38459003456133
C001118,Ben Cline,434.0,6.0,15.0,1.3824884792626728,3.4562211981566824,36.586489164124316,36.676009636889034,27.750124253945373,20.320288344806585
C001119,Angie Craig,264.0,1.0,59.0,0.3787878787878788,22.348484848484848,29.88410532808442,96.73483541342436,19.940723361646,99.9896849983586
C001120,Dan Crenshaw,241.0,2.0,9.0,0.8298755186721992,3.7344398340248963,31.1800069324024,26.16673879380551,23.274723115860574,22.262561346273134
C001121,Jason Crow,302.0,16.0,27.0,5.298013245033113,8.940397350993377,51.076895311127515,60.06719892411739,65.48648201419124,68.72520964069145
C001123,Gilbert Cisneros,,15.27,21.86,3.72,6.91,50.0,50.0,50.0,50.0
C001125,Troy Carter,272.0,9.0,11.0,3.308823529411765,4.044117647058823,40.831611500213924,29.495798096473848,45.86511602811021,24.543868581525064
C001126,Mike Carey,49.0,0.0,8.0,0.0,16.3265306122449,28.613247652723473,24.577639682883927,17.376426176168696,98.82003002381717
C001127,Sheila Cherfilus-McCormick,223.0,1.0,11.0,0.4484304932735426,4.932735426008969,29.88410532808442,29.495798096473848,20.43583931723448,31.728515987634953
C001129,Mike Collins,503.0,13.0,9.0,2.584493041749503,1.7892644135188867,46.65482104063198,26.16673879380551,38.71541027919248,10.917152057420415
C001130,Jasmine Crockett,397.0,60.0,8.0,15.113350125944585,2.0151133501259446,95.0958181063142,24.577639682883927,99.79933128784529,11.966652909423376
C001131,Greg Casar,,15.27,21.86,3.72,6.91,50.0,50.0,50.0,50.0
C001132,Elijah Crane,,15.27,21.86,3.72,6.91,50.0,50.0,50.0,50.0
C001133,Juan Ciscomani,459.0,0.0,38.0,0.0,8.278867102396514,28.613247652723473,78.84320222817588,17.376426176168696,62.89427874600144
C001136,Herbert Conaway,,15.27,21.86,3.72,6.91,50.0,50.0,50.0,50.0
C001137,Jeff Crank,,15.27,21.86,3.72,6.91,50.0,50.0,50.0,50.0
D000032,Byron Donalds,208.0,4.0,34.0,1.9230769230769231,16.346153846153847,33.84160303869421,72.65731262359222,32.49977456428489,98.8344725245639
D000096,Danny Davis,19.0,1.0,1.0,5.263157894736842,5.263157894736842,29.88410532808442,15.027941766894298,65.16157495700458,34.609843568620526
D000197,Diana DeGette,172.0,9.0,8.0,5.232558139534884,4.651162790697675,40.831611500213924,24.577639682883927,64.87541586301755,29.356844234498432
D000216,Rosa DeLauro,164.0,11.0,9.0,6.707317073170732,5.487804878048781,43.72622037741582,26.16673879380551,77.468735975973,36.62229234393575
D000230,Donald Davis,338.0,0.0,22.0,0.0,6.508875739644971,28.613247652723473,50.27717851067543,17.376426176168696,46.15918757189263
D000399,Lloyd Doggett,293.0,57.0,13.0,19.453924914675767,4.436860068259386,93.86172670457307,33.00763924499962,99.99645452612236,27.60872693209837
D000530,Christopher Deluzio,,15.27,21.86,3.72,6.91,50.0,50.0,50.0,50.0
D000563,Richard Durbin,2378.0,220.0,163.0,9.251471825063078,6.854499579478554,99.99999999999815,99.99999999987604,91.87686011168901,49.46776905044449
D000594,Monica De La Cruz,,15.27,21.86,3.72,6.91,50.0,50.0,50.0,50.0
D000600,Mario Diaz-Balart,227.0,6.0,16.0,2.643171806167401,7.048458149779736,36.586489164124316,38.55949306930117,39.28393397835453,51.32756282233245
D000616,Scott DesJarlais,28.0,0.0,0.0,0.0,0.0,28.613247652723473,13.89910528004159,17.376426176168696,4.835093020139322
D000617,Suzan DelBene,218.0,9.0,12.0,4.128440366972478,5.5045871559633035,40.831611500213924,31.23040338222601,54.1074668500966,36.77420232642794
D000618,Steve Daines,342.0,1.0,19.0,0.29239766081871343,5.555555555555555,29.88410532808442,44.356548298261735,19.33668066641295,37.236819500991885
D000622,Tammy Duckworth,357.0,102.0,31.0,28.57142857142857,8.683473389355742,99.93304608335158,67.49409087242452,99.99999998258706,66.50610971644976
D000623,Mark DeSaulnier,299.0,9.0,8.0,3.0100334448160537,2.6755852842809364,40.831611500213924,24.577639682883927,42.8857164863482,15.436555620029813
D000624,Debbie Dingell,470.0,7.0,46.0,1.4893617021276597,9.787234042553191,37.98620191116468,88.45443895309816,28.66178623582116,75.54191613570411
D000626,Warren Davidson,603.0,24.0,17.0,3.9800995024875623,2.8192371475953566,62.65974824425833,40.47035170337271,52.61843759172401,16.271601690832505
D000628,Neal Dunn,300.0,1.0,12.0,0.33333333333333337,4.0,29.88410532808442,31.23040338222601,19.621499987141668,24.21137995643993
D000629,Sharice Davids,230.0,0.0,40.0,0.0,17.391304347826086,28.613247652723473,81.60058933970689,17.376426176168696,99.41246575965107
D000631,Madeleine Dean,184.0,4.0,11.0,2.1739130434782608,5.978260869565218,33.84160303869421,29.495798096473848,34.811078288317745,41.13880853261368
D000634,Troy Downing,,15.27,21.86,3.72,6.91,50.0,50.0,50.0,50.0
D000635,Maxine Dexter,,15.27,21.86,3.72,6.91,50.0,50.0,50.0,50.0
E000071,Jake Ellzey,142.0,0.0,8.0,0.0,5.633802816901409,28.613247652723473,24.577639682883927,17.376426176168696,37.950611306984975
E000235,Mike Ezell,234.0,0.0,30.0,0.0,12.82051282051282,28.613247652723473,65.68826921046826,17.376426176168696,92.23120140964463
E000246,Chuck Edwards,,15.27,21.86,3.72,6.91,50.0,50.0,50.0,50.0
E000294,Tom Emmer,282.0,11.0,6.0,3.900709219858156,2.127659574468085,43.72622037741582,21.561260880381887,51.81988724247528,12.515410990969706
E000295,Joni Ernst,668.0,14.0,15.0,2.095808383233533,2.245508982035928,48.12695827714766,36.676009636889034,34.08481789403378,13.108607580210125
E000296,Dwight Evans,218.0,8.0,20.0,3.669724770642202,9.174311926605505,39.401834534579116,46.32267884440836,49.49352586219792,70.68844551557973
E000297,Adriano Espaillat,919.0,8.0,33.0,0.8705114254624592,3.5908596300326447,39.401834534579116,70.98181682257824,23.589556506452148,21.24728855307533
E000298,Ron Estes,323.0,1.0,30.0,0.30959752321981426,9.287925696594428,29.88410532808442,65.68826921046826,19.456044047167715,71.62091787448001
E000299,Veronica Escobar,347.0,19.0,39.0,5.475504322766571,11.239193083573488,55.48575779151855,80.2509858608777,67.12289389091184,85.0985962751789
E000300,Gabe Evans,,15.27,21.86,3.72,6.91,50.0,50.0,50.0,50.0
E000301,Sarah Elfreth,,15.27,21.86,3.72,6.91,50.0,50.0,50.0,50.0
F000110,Cleo Fields,,15.27,21.86,3.72,6.91,50.0,50.0,50.0,50.0
F000246,Pat Fallon,,15.27,21.86,3.72,6.91,50.0,50.0,50.0,50.0
F000446,Randy Feenstra,833.0,2.0,37.0,0.24009603841536614,4.441776710684274,31.1800069324024,77.37834188396742,18.976472593119713,27.64825359975208
F000450,Virginia Foxx,188.0,2.0,7.0,1.0638297872340425,3.723404255319149,31.1800069324024,23.041859944476556,25.118988519907848,22.18355947780195
F000454,Bill Foster,137.0,12.0,7.0,8.75912408759124,5.109489051094891,45.187246666463295,23.041859944476556,89.84033178729601,33.25745396401847
F000459,Charles Fleischmann,116.0,0.0,12.0,0.0,10.344827586206897,28.613247652723473,31.23040338222601,17.376426176168696,79.55070969803681
F000462,Lois Frankel,167.0,0.0,5.0,0.0,2.9940119760479043,28.613247652723473,20.137370370957736,17.376426176168696,17.326448637916325
F000463,Deb Fischer,350.0,0.0,19.0,0.0,5.428571428571429,28.613247652723473,44.356548298261735,17.376426176168696,36.08781067779392
F000466,Brian Fitzpatrick,638.0,1.0,120.0,0.1567398119122257,18.808777429467085,29.88410532808442,99.99994433386009,18.410983988884745,99.78836846832212
F000468,Lizzie Fletcher,521.0,11.0,36.0,2.111324376199616,6.90978886756238,43.72622037741582,75.85783944645921,34.22863591064914,49.997975248651564
F000469,Russ Fulcher,170.0,1.0,11.0,0.5882352941176471,6.470588235294119,29.88410532808442,29.495798096473848,21.451585965848135,45.793882233267716
F000470,Michelle Fischbach,303.0,4.0,11.0,1.3201320132013201,3.6303630363036308,33.84160303869421,29.495798096473848,27.224832266612054,21.523890820181812
F000471,Scott Fitzgerald,50.0,0.0,2.0,0.0,4.0,28.613247652723473,16.216277000614294,17.376426176168696,24.21137995643993
F000472,Scott Franklin,,15.27,21.86,3.72,6.91,50.0,50.0,50.0,50.0
F000474,Mike Flood,203.0,0.0,19.0,0.0,9.35960591133005,28.613247652723473,44.356548298261735,17.376426176168696,72.20182358455078
F000475,Brad Finstad,77.0,0.0,17.0,0.0,22.07792207792208,28.613247652723473,40.47035170337271,17.376426176168696,99.98668929807941
F000476,Maxwell Frost,163.0,7.0,5.0,4.294478527607362,3.067484662576687,37.98620191116468,20.137370370957736,55.767233023747906,17.78260648197334
F000477,Valerie Foushee,147.0,8.0,11.0,5.442176870748299,7.482993197278912,39.401834534579116,29.495798096473848,66.81800062335954,55.477655314507636
F000478,Russell Fry,231.0,7.0,8.0,3.0303030303030303,3.463203463203463,37.98620191116468,24.577639682883927,43.08675413229406,20.367760388654215
F000479,John Fetterman,49.0,0.0,7.0,0.0,14.285714285714285,28.613247652723473,23.041859944476556,17.376426176168696,96.18863294031352
F000480,Vince Fong,,15.27,21.86,3.72,6.91,50.0,50.0,50.0,50.0
F000481,Shomari Figures,,15.27,21.86,3.72,6.91,50.0,50.0,50.0,50.0
F000482,Julie Fedorchak,,15.27,21.86,3.72,6.91,50.0,50.0,50.0,50.0
F000483,Laura Friedman,,15.27,21.86,3.72,6.91,50.0,50.0,50.0,50.0
G000359,Lindsey Graham,168.0,2.0,11.0,1.1904761904761905,6.547619047619048,31.1800069324024,29.495798096473848,26.148672642312253,46.52917181020487
G000386,Chuck Grassley,,15.27,21.86,3.72,6.91,50.0,50.0,50.0,50.0
G000546,Sam Graves,151.0,2.0,10.0,1.3245033112582782,6.622516556291391,31.1800069324024,27.806964536365253,27.261494508945468,47.245238495110655
G000551,Raúl Grijalva,116.0,3.0,2.0,2.586206896551724,1.7241379310344827,32.499640115792296,16.216277000614294,38.731981767356785,10.627183327073036
G000553,Al Green,582.0,18.0,12.0,3.0927835051546393,2.0618556701030926,54.0209504010364,31.23040338222601,43.70755330412438,12.192465232611422
G000555,Kirsten Gillibrand,297.0,1.0,51.0,0.33670033670033667,17.17171717171717,29.88410532808442,92.59329721527163,19.645039363306587,99.31828944208864
G000558,Brett Guthrie,208.0,1.0,9.0,0.4807692307692308,4.326923076923077,29.88410532808442,26.16673879380551,20.66821430402854,26.732219825903204
G000559,John Garamendi,346.0,25.0,9.0,7.225433526011561,2.601156069364162,64.05155879944215,26.16673879380551,81.19784411892462,15.015244383697524
G000565,Paul Gosar,567.0,39.0,17.0,6.878306878306878,2.9982363315696645,80.99165336940356,40.47035170337271,78.74348125785654,17.352472074183645
G000568,H. Griffith,581.0,0.0,35.0,0.0,6.024096385542169,28.613247652723473,74.28346291565632,17.376426176168696,41.56800173208284
G000574,Ruben Gallego,187.0,14.0,13.0,7.4866310160427805,6.951871657754011,48.12695827714766,33.00763924499962,82.9240817625865,50.40154068698624
G000576,Glenn Grothman,487.0,4.0,15.0,0.8213552361396305,3.0800821355236137,33.84160303869421,36.676009636889034,23.2090082066924,17.86157240067293
G000581,Vicente Gonzalez,86.0,0.0,10.0,0.0,11.627906976744185,28.613247652723473,27.806964536365253,17.376426176168696,87.16262679524294
G000583,Josh Gottheimer,277.0,7.0,53.0,2.527075812274368,19.133574007220215,37.98620191116468,93.88763695140234,38.161441759241214,99.83502271956078
G000585,Jimmy Gomez,356.0,20.0,18.0,5.617977528089887,5.056179775280898,56.94311238473351,42.40421558190651,68.41328559676867,32.79323181755115
G000586,Jesús García,193.0,11.0,8.0,5.699481865284974,4.145077720207254,43.72622037741582,24.577639682883927,69.1416394800698,25.313886065403246
G000587,Sylvia Garcia,255.0,6.0,5.0,2.3529411764705883,1.9607843137254901,36.586489164124316,20.137370370957736,36.49656667844185,11.707915307835965
G000589,Lance Gooden,271.0,33.0,8.0,12.177121771217712,2.952029520295203,74.39898923783343,24.577639682883927,98.36454857216323,17.069174642583828
G000590,Mark Green,622.0,10.0,12.0,1.607717041800643,1.929260450160772,42.27370068126419,31.23040338222601,29.6876702108738,11.55961545645946
G000591,Michael Guest,200.0,0.0,1.0,0.0,0.5,28.613247652723473,15.027941766894298,17.376426176168696,6.167477602840297
G000592,Jared Golden,266.0,1.0,22.0,0.37593984962406013,8.270676691729323,29.88410532808442,50.27717851067543,19.920630543983613,62.81984827190266
G000593,Carlos Gimenez,619.0,54.0,31.0,8.723747980613894,5.008077544426494,92.39742245233278,67.49409087242452,89.6808285316035,32.37662013070247
G000594,Tony Gonzales,,15.27,21.86,3.72,6.91,50.0,50.0,50.0,50.0
G000596,Marjorie Greene,590.0,50.0,9.0,8.47457627118644,1.5254237288135595,90.04978453827317,26.16673879380551,88.5056612776784,9.776894550302167
G000597,Andrew Garbarino,205.0,1.0,24.0,0.4878048780487805,11.707317073170733,29.88410532808442,54.228954263620565,20.718976489851904,87.55860984522796
G000598,Robert Garcia,243.0,21.0,9.0,8.641975308641975,3.7037037037037033,58.39107061769976,26.16673879380551,89.3051905995303,22.042925354233372
G000599,Daniel Goldman,,15.27,21.86,3.72,6.91,50.0,50.0,50.0,50.0
G000600,Marie Perez,,15.27,21.86,3.72,6.91,50.0,50.0,50.0,50.0
G000601,Craig Goldman,,15.27,21.86,3.72,6.91,50.0,50.0,50.0,50.0
G000602,Laura Gillen,,15.27,21.86,3.72,6.91,50.0,50.0,50.0,50.0
G000603,Brandon Gill,,15.27,21.86,3.72,6.91,50.0,50.0,50.0,50.0
G000604,Maggie Goodlander,,15.27,21.86,3.72,6.91,50.0,50.0,50.0,50.0
G000605,Adam Gray,,15.27,21.86,3.72,6.91,50.0,50.0,50.0,50.0
H000273,John Hickenlooper,972.0,17.0,64.0,1.7489711934156378,6.584362139917696,52.550664137511106,98.17500880814544,30.933557734737978,46.88033266620528
H000601,Bill Hagerty,159.0,13.0,4.0,8.176100628930817,2.515723270440252,46.65482104063198,18.771384182753586,86.97643619311077,14.541181513350733
H000874,Steny Hoyer,231.0,9.0,19.0,3.896103896103896,8.225108225108226,40.831611500213924,44.356548298261735,51.77353889237454,62.404875896230514
H001042,Mazie Hirono,246.0,73.0,6.0,29.67479674796748,2.4390243902439024,98.36188907621258,21.561260880381887,99.99999999720373,14.124249554567909
H001046,Martin Heinrich,551.0,68.0,33.0,12.341197822141561,5.9891107078039925,97.44163480529565,70.98181682257824,98.52623333559133,41.240310191331545
H001047,James Himes,203.0,16.0,11.0,7.8817733990147785,5.41871921182266,51.076895311127515,29.495798096473848,85.33598838037923,35.999170754804354
H001052,Andy Harris,170.0,2.0,2.0,1.1764705882352942,1.1764705882352942,31.1800069324024,16.216277000614294,26.03374521170799,8.406270821272471
H001058,Bill Huizenga,183.0,2.0,35.0,1.092896174863388,19.12568306010929,31.1800069324024,74.28346291565632,25.353398333536997,99.834010401244
H001061,John Hoeven,321.0,0.0,25.0,0.0,7.78816199376947,28.613247652723473,56.191698732131215,17.376426176168696,58.35940662901206
H001066,Steven Horsford,143.0,4.0,11.0,2.797202797202797,7.6923076923076925,33.84160303869421,29.495798096473848,40.78692117563861,57.458312740859604
H001067,Richard Hudson,333.0,10.0,21.0,3.003003003003003,6.306306306306306,42.27370068126419,48.29783509252229,42.81603002574292,44.230858638469904
H001068,Jared Huffman,483.0,17.0,58.0,3.5196687370600417,12.008281573498964,52.550664137511106,96.35573595594268,47.98266325943943,88.98156774728764
H001072,J. Hill,371.0,3.0,48.0,0.8086253369272237,12.93800539083558,32.499640115792296,90.27309296634101,23.1110182472752,92.6336759990743
H001076,Margaret Hassan,463.0,56.0,66.0,12.095032397408207,14.254859611231103,93.40032407721037,98.57585640197041,98.2781070057178,96.12677756983265
H001077,Clay Higgins,104.0,8.0,0.0,7.6923076923076925,0.0,39.401834534579116,13.89910528004159,84.20956231539888,4.835093020139322
H001079,Cindy Hyde-Smith,208.0,2.0,13.0,0.9615384615384616,6.25,31.1800069324024,33.00763924499962,24.303246336637162,43.69708014615702
H001081,Jahana Hayes,384.0,1.0,32.0,0.26041666666666663,8.333333333333332,29.88410532808442,69.25972385186901,19.115930462060437,63.388002971780026
H001082,Kevin Hern,251.0,10.0,8.0,3.9840637450199203,3.187250996015936,42.27370068126419,24.577639682883927,52.65828719065095,18.54225221040104
H001085,Chrissy Houlahan,322.0,24.0,22.0,7.453416149068323,6.832298136645963,62.65974824425833,50.27717851067543,82.71037528827607,49.25488566853794
H001086,Diana Harshbarger,223.0,2.0,6.0,0.8968609865470852,2.690582959641256,31.1800069324024,21.561260880381887,23.794952104092516,15.522388048489255
H001089,Josh Hawley,,15.27,21.86,3.72,6.91,50.0,50.0,50.0,50.0
H001090,Josh Harder,73.0,1.0,5.0,1.36986301369863,6.8493150684931505,29.88410532808442,20.137370370957736,27.643368312625643,49.41805465525082
H001091,Ashley Hinson,278.0,1.0,22.0,0.3597122302158274,7.913669064748201,29.88410532808442,50.27717851067543,19.80637772114128,59.53257529724524
H001093,Erin Houchin,187.0,4.0,8.0,2.13903743315508,4.27807486631016,33.84160303869421,24.577639682883927,34.48607754202398,26.34731744151565
H001094,Val Hoyle,,15.27,21.86,3.72,6.91,50.0,50.0,50.0,50.0
H001095,Wesley Hunt,383.0,22.0,2.0,5.7441253263707575,0.5221932114882507,59.827727057913684,16.216277000614294,69.53744516509352,6.232678825019702
H001096,Harriet Hageman,404.0,2.0,8.0,0.49504950495049505,1.9801980198019802,31.1800069324024,24.577639682883927,20.77132344333903,11.799912526137685
H001098,Abraham Hamadeh,,15.27,21.86,3.72,6.91,50.0,50.0,50.0,50.0
H001099,Mike Haridopolos,,15.27,21.86,3.72,6.91,50.0,50.0,50.0,50.0
H001100,Jeff Hurd,,15.27,21.86,3.72,6.91,50.0,50.0,50.0,50.0
H001101,Pat Harrigan,,15.27,21.86,3.72,6.91,50.0,50.0,50.0,50.0
H001102,Mark Harris,,15.27,21.86,3.72,6.91,50.0,50.0,50.0,50.0
H001103,Pablo Hernández,,15.27,21.86,3.72,6.91,50.0,50.0,50.0,50.0
H001104,Jon Husted,,15.27,21.86,3.72,6.91,50.0,50.0,50.0,50.0
I000056,Darrell Issa,88.0,9.0,1.0,10.227272727272728,1.1363636363636365,40.831611500213924,15.027941766894298,94.98344618754221,8.258476054783154
I000058,Glenn Ivey,173.0,2.0,14.0,1.1560693641618496,8.092485549132949,31.1800069324024,34.82407507109054,25.86680329858535,61.189111082333994
J000288,Henry Johnson,222.0,18.0,4.0,8.108108108108109,1.8018018018018018,54.0209504010364,18.771384182753586,86.60924351470183,10.973619921250155
J000289,Jim Jordan,216.0,11.0,1.0,5.092592592592593,0.4629629629629629,43.72622037741582,15.027941766894298,63.555944596672,6.059854284733504
J000293,Ron Johnson,207.0,6.0,8.0,2.898550724637681,3.864734299516908,36.586489164124316,24.577639682883927,41.78344172883147,23.207359532050877
J000294,Hakeem Jeffries,146.0,4.0,3.0,2.73972602739726,2.054794520547945,33.84160303869421,17.464170428385355,40.22436479866913,12.158162193445133
J000295,David Joyce,213.0,0.0,54.0,0.0,25.352112676056336,28.613247652723473,94.46480436599721,17.376426176168696,99.9995357770234
J000298,Pramila Jayapal,548.0,32.0,16.0,5.839416058394161,2.9197080291970803,73.19472836661927,38.55949306930117,70.37463171472275,16.87277912557981
J000299,Mike Johnson,511.0,20.0,34.0,3.9138943248532287,6.653620352250488,56.94311238473351,72.65731262359222,51.952569387255835,47.54288531910513
J000301,Dusty Johnson,155.0,1.0,15.0,0.6451612903225806,9.67741935483871,29.88410532808442,36.676009636889034,21.873445885435792,74.7053110642396
J000302,John Joyce,337.0,0.0,23.0,0.0,6.824925816023739,28.613247652723473,52.25583969210729,17.376426176168696,49.18419895732547
J000304,Ronny Jackson,152.0,6.0,7.0,3.9473684210526314,4.605263157894736,36.586489164124316,23.041859944476556,52.28931977825126,28.97814570160202
J000305,Sara Jacobs,229.0,5.0,8.0,2.1834061135371177,3.4934497816593884,35.204408592945136,24.577639682883927,34.89973755098957,20.574165876093087
J000307,John James,152.0,1.0,2.0,0.6578947368421052,1.3157894736842104,29.88410532808442,16.216277000614294,21.968458569423333,8.935102917306603
J000309,Jonathan Jackson,299.0,10.0,6.0,3.3444816053511706,2.0066889632107023,42.27370068126419,21.561260880381887,46.222577182572,11.926270414391581
J000310,Julie Johnson,,15.27,21.86,3.72,6.91,50.0,50.0,50.0,50.0
J000311,Brian Jack,,15.27,21.86,3.72,6.91,50.0,50.0,50.0,50.0
J000312,James Justice,,15.27,21.86,3.72,6.91,50.0,50.0,50.0,50.0
K000009,Marcy Kaptur,513.0,20.0,52.0,3.898635477582846,10.1364522417154,56.94311238473351,93.264471603366,51.79901723345528,78.10042934407123
K000367,Amy Klobuchar,642.0,36.0,91.0,5.607476635514018,14.174454828660435,77.83528051403862,99.96996138609434,68.31891551242394,95.96173846089927
K000375,William Keating,68.0,4.0,7.0,5.88235294117647,10.294117647058822,33.84160303869421,23.041859944476556,70.74837769278884,79.20313594431178
K000376,Mike Kelly,129.0,0.0,6.0,0.0,4.651162790697675,28.613247652723473,21.561260880381887,17.376426176168696,29.356844234498432
K000377,Mark Kelly,522.0,84.0,25.0,16.091954022988507,4.789272030651341,99.44856783853463,56.191698732131215,99.91086472260446,30.50991639700362
K000383,Angus King,345.0,15.0,30.0,4.3478260869565215,8.695652173913043,49.601654490376006,65.68826921046826,56.29851128525692,66.61269165840717
K000384,Tim Kaine,,15.27,21.86,3.72,6.91,50.0,50.0,50.0,50.0
K000385,Robin Kelly,196.0,7.0,12.0,3.571428571428571,6.122448979591836,37.98620191116468,31.23040338222601,48.503597920580276,42.492291136032826
K000388,Trent Kelly,106.0,0.0,10.0,0.0,9.433962264150944,28.613247652723473,27.806964536365253,17.376426176168696,72.79821900361036
K000389,Ro Khanna,370.0,4.0,35.0,1.0810810810810811,9.45945945945946,33.84160303869421,74.28346291565632,25.257975487510066,73.00125116745679
K000391,Raja Krishnamoorthi,264.0,5.0,23.0,1.893939393939394,8.712121212121213,35.204408592945136,52.25583969210729,32.23539554032263,66.75660648710975
K000392,David Kustoff,307.0,0.0,27.0,0.0,8.794788273615636,28.613247652723473,60.06719892411739,17.376426176168696,67.47523092036948
K000393,John Kennedy,854.0,37.0,22.0,4.332552693208431,2.576112412177986,78.91929961330307,50.27717851067543,56.14651813201219,14.87522300510043
K000394,Andy Kim,250.0,33.0,13.0,13.200000000000001,5.2,74.39898923783343,33.00763924499962,99.16657485993044,34.051511580581256
K000397,Young Kim,198.0,0.0,38.0,0.0,19.19191919191919,28.613247652723473,78.84320222817588,17.376426176168696,99.84233495372274
K000398,Thomas Kean,321.0,0.0,25.0,0.0,7.78816199376947,28.613247652723473,56.191698732131215,17.376426176168696,58.35940662901206
K000399,Jennifer Kiggans,560.0,4.0,49.0,0.7142857142857143,8.75,33.84160303869421,91.09934994785394,22.392066762090877,67.08667173479151
K000400,Sydney Kamlager-Dove,287.0,24.0,14.0,8.362369337979095,4.878048780487805,62.65974824425833,34.82407507109054,87.94647924553794,31.261563311472962
K000401,Kevin Kiley,310.0,2.0,8.0,0.6451612903225806,2.5806451612903225,31.1800069324024,24.577639682883927,21.873445885435792,14.90050112297171
K000402,Timothy Kennedy,,15.27,21.86,3.72,6.91,50.0,50.0,50.0,50.0
K000403,Mike Kennedy,,15.27,21.86,3.72,6.91,50.0,50.0,50.0,50.0
K000404,Kimberlyn King-Hinds,,15.27,21.86,3.72,6.91,50.0,50.0,50.0,50.0
K000405,Brad Knott,,15.27,21.86,3.72,6.91,50.0,50.0,50.0,50.0
L000273,Teresa Leger Fernandez,200.0,20.0,12.0,10.0,6.0,56.94311238473351,31.23040338222601,94.36143038930055,41.342239885844904
L000397,Zoe Lofgren,57.0,3.0,4.0,5.263157894736842,7.017543859649122,32.499640115792296,18.771384182753586,65.16157495700458,51.03122630237693
L000491,Frank Lucas,37.0,0.0,1.0,0.0,2.7027027027027026,28.613247652723473,15.027941766894298,17.376426176168696,15.591979648444005
L000557,John Larson,287.0,14.0,25.0,4.878048780487805,8.710801393728223,48.12695827714766,56.191698732131215,61.5023571052068,66.74508230811989
L000560,Rick Larsen,106.0,2.0,10.0,1.8867924528301887,9.433962264150944,31.1800069324024,27.806964536365253,32.170684187182275,72.79821900361036
L000562,Stephen Lynch,73.0,3.0,8.0,4.10958904109589,10.95890410958904,32.499640115792296,24.577639682883927,53.91851475385481,83.47964620623665
L000566,Robert Latta,134.0,0.0,8.0,0.0,5.970149253731343,28.613247652723473,24.577639682883927,17.376426176168696,41.062961991284205
L000570,Ben Lujan,,15.27,21.86,3.72,6.91,50.0,50.0,50.0,50.0
L000571,Cynthia Lummis,399.0,6.0,36.0,1.5037593984962405,9.022556390977442,36.586489164124316,75.85783944645921,28.78568051339807,69.42123323017552
L000575,James Lankford,509.0,1.0,40.0,0.19646365422396855,7.858546168958743,29.88410532808442,81.60058933970689,18.679150216478334,59.01830624944421
L000577,Mike Lee,352.0,11.0,16.0,3.125,4.545454545454546,43.72622037741582,38.55949306930117,44.028269352480535,28.48815765331564
L000578,Doug LaMalfa,1409.0,25.0,28.0,1.7743080198722498,1.98722498225692,64.05155879944215,61.970825084634875,31.15942841188109,11.83333744310734
L000582,Ted Lieu,269.0,11.0,15.0,4.089219330855019,5.5762081784386615,43.72622037741582,36.676009636889034,53.714244100824814,37.42480399151141
L000583,Barry Loudermilk,135.0,1.0,10.0,0.7407407407407408,7.4074074074074066,29.88410532808442,27.806964536365253,22.592385146980043,54.75877460231837
L000585,Darin LaHood,289.0,2.0,44.0,0.6920415224913495,15.22491349480969,31.1800069324024,86.40634665385194,22.224416918950922,97.71837715792358
L000590,Susie Lee,268.0,5.0,69.0,1.8656716417910446,25.74626865671642,35.204408592945136,99.03440276340169,31.979764123645754,99.99970220552109
L000593,Mike Levin,323.0,10.0,40.0,3.0959752321981426,12.38390092879257,42.27370068126419,81.60058933970689,43.739308937317524,90.58863881597952
L000595,Julia Letlow,102.0,1.0,3.0,0.9803921568627451,2.941176470588235,29.88410532808442,17.464170428385355,24.45251365471987,17.00306555382085
L000596,Anna Luna,,15.27,21.86,3.72,6.91,50.0,50.0,50.0,50.0
L000597,Laurel Lee,259.0,2.0,12.0,0.7722007722007722,4.633204633204633,31.1800069324024,31.23040338222601,22.83191511949462,29.208406251174786
L000598,Nick LaLota,,15.27,21.86,3.72,6.91,50.0,50.0,50.0,50.0
L000599,Michael Lawler,497.0,14.0,65.0,2.8169014084507045,13.078470824949697,48.12695827714766,98.38606796218741,40.98016638374546,93.0936951055931
L000600,Nicholas Langworthy,253.0,3.0,32.0,1.185770750988142,12.648221343873518,32.499640115792296,69.25972385186901,26.110031622534823,91.61112089532767
L000601,Greg Landsman,471.0,11.0,59.0,2.335456475583864,12.526539278131635,43.72622037741582,96.73483541342436,36.330736992780324,91.15127979022775
L000602,Summer Lee,120.0,7.0,0.0,5.833333333333333,0.0,37.98620191116468,13.89910528004159,70.32150773952877,4.835093020139322
L000603,Morgan Luttrell,190.0,1.0,9.0,0.5263157894736842,4.736842105263158,29.88410532808442,26.16673879380551,20.998136402759528,30.069811216994356
L000606,George Latimer,,15.27,21.86,3.72,6.91,50.0,50.0,50.0,50.0
L000607,Sam Liccardo,,15.27,21.86,3.72,6.91,50.0,50.0,50.0,50.0
M000133,Edward Markey,791.0,100.0,25.0,12.64222503160556,3.16055625790139,99.91363428209277,56.191698732131215,98.787317208061,18.371213341747154
M000194,Nancy Mace,1874.0,177.0,16.0,9.445037353255069,0.8537886872998933,99.9999998892087,38.55949306930117,92.58716332326551,7.272118897275299
M000312,James McGovern,883.0,104.0,33.0,11.778029445073612,3.737259343148358,99.9483598207181,70.98181682257824,97.90673138032875,22.282771435695658
M000317,Nicole Malliotakis,229.0,3.0,18.0,1.3100436681222707,7.860262008733625,32.499640115792296,42.40421558190651,27.140314566693206,59.034338085926095
M000355,Mitch McConnell,194.0,4.0,13.0,2.0618556701030926,6.701030927835052,33.84160303869421,33.00763924499962,33.77091769122604,47.996837717742395
M000687,Kweisi Mfume,287.0,2.0,15.0,0.6968641114982579,5.2264808362369335,31.1800069324024,36.676009636889034,22.26070284104338,34.285192248123344
M000871,Tracey Mann,374.0,1.0,14.0,0.267379679144385,3.7433155080213902,29.88410532808442,34.82407507109054,19.163860907991932,22.326217022434136
M000934,Jerry Moran,492.0,1.0,78.0,0.20325203252032523,15.853658536585366,29.88410532808442,99.73327141208242,18.725217639411536,98.42191459541115
M001111,Patty Murray,994.0,195.0,49.0,19.61770623742455,4.929577464788732,99.99999999850253,91.09934994785394,99.99702231542757,31.701470889402483
M001136,Lisa McClain,458.0,15.0,15.0,3.2751091703056767,3.2751091703056767,49.601654490376006,36.676009636889034,45.52744679147664,19.112126105017097
M001137,Gregory Meeks,86.0,6.0,4.0,6.976744186046512,4.651162790697675,36.586489164124316,18.771384182753586,79.45782471575666,29.356844234498432
M001143,Betty McCollum,340.0,20.0,27.0,5.88235294117647,7.941176470588235,56.94311238473351,60.06719892411739,70.74837769278884,59.78859699937864
M001153,Lisa Murkowski,263.0,3.0,16.0,1.1406844106463878,6.083650190114068,32.499640115792296,38.55949306930117,25.74127675778368,42.127148407175156
M001157,Michael McCaul,252.0,10.0,13.0,3.968253968253968,5.158730158730158,42.27370068126419,33.00763924499962,52.49934773928439,33.688545389342714
M001160,Gwen Moore,416.0,38.0,28.0,9.134615384615383,6.730769230769231,79.97157944333844,61.970825084634875,91.42386021989888,48.28171594487799
M001163,Doris Matsui,117.0,5.0,9.0,4.273504273504273,7.6923076923076925,35.204408592945136,26.16673879380551,55.558064523233995,57.458312740859604
M001169,Christopher Murphy,322.0,52.0,11.0,16.149068322981368,3.4161490683229814,91.28249408833591,29.495798096473848,99.91513702676914,20.049119721210936
M001176,Jeff Merkley,970.0,102.0,70.0,10.515463917525773,7.216494845360824,99.93304608335158,99.15547313729654,95.69213802194864,52.936615877641636
M001177,Tom McClintock,183.0,7.0,5.0,3.825136612021858,2.73224043715847,37.98620191116468,20.137370370957736,51.05905335182205,15.76244555009183
M001184,Thomas Massie,357.0,20.0,3.0,5.602240896358544,0.8403361344537815,56.94311238473351,17.464170428385355,68.27181801960046,7.227514842440308
M001188,Grace Meng,147.0,0.0,11.0,0.0,7.482993197278912,28.613247652723473,29.495798096473848,17.376426176168696,55.477655314507636
M001190,Markwayne Mullin,879.0,33.0,36.0,3.754266211604096,4.09556313993174,74.39898923783343,75.85783944645921,50.34520378800015,24.934660580217127
M001194,John Moolenaar,97.0,2.0,11.0,2.0618556701030926,11.34020618556701,31.1800069324024,29.495798096473848,33.77091769122604,85.65514932013298
M001196,Seth Moulton,96.0,2.0,13.0,2.083333333333333,13.541666666666666,31.1800069324024,33.00763924499962,33.969353826131496,94.45488506275885
M001198,Roger Marshall,369.0,2.0,42.0,0.5420054200542005,11.38211382113821,31.1800069324024,84.12246315440368,21.1124989170617,85.8818760643056
M001199,Brian Mast,246.0,4.0,5.0,1.6260162601626018,2.0325203252032518,33.84160303869421,20.137370370957736,29.847772796198335,12.050398910545546
M001204,Daniel Meuser,295.0,2.0,12.0,0.6779661016949152,4.067796610169491,31.1800069324024,31.23040338222601,22.118704444827035,24.72332963938938
M001205,Carol Miller,309.0,1.0,40.0,0.3236245954692557,12.944983818770226,29.88410532808442,81.60058933970689,19.553720128248514,92.65706969372982
M001206,Joseph Morelle,343.0,8.0,30.0,2.3323615160349855,8.746355685131196,39.401834534579116,65.68826921046826,36.30141011582341,67.05497351467248
M001208,Lucy McBath,165.0,1.0,2.0,0.6060606060606061,1.2121212121212122,29.88410532808442,16.216277000614294,21.58317222258858,8.539303237286472
M001210,Gregory Murphy,445.0,18.0,24.0,4.044943820224719,5.393258426966292,54.0209504010364,54.228954263620565,53.26991158600792,35.77045073373195
M001211,Mary Miller,91.0,5.0,5.0,5.4945054945054945,5.4945054945054945,35.204408592945136,20.137370370957736,67.2962173505391,36.682920060936446
M001212,Barry Moore,142.0,3.0,2.0,2.112676056338028,1.4084507042253522,32.499640115792296,16.216277000614294,34.24117553280147,9.30028827024908
M001213,Blake Moore,488.0,0.0,37.0,0.0,7.581967213114754,28.613247652723473,77.37834188396742,17.376426176168696,56.416223591231606
M001214,Frank Mrvan,79.0,0.0,4.0,0.0,5.063291139240507,28.613247652723473,18.771384182753586,17.376426176168696,32.8550067763369
M001215,Mariannette Miller-Meeks,283.0,0.0,16.0,0.0,5.6537102473498235,28.613247652723473,38.55949306930117,17.376426176168696,38.13288028793742
M001216,Cory Mills,391.0,2.0,11.0,0.5115089514066496,2.813299232736573,31.1800069324024,29.495798096473848,20.89054322362511,16.236513045371748
M001217,Jared Moskowitz,125.0,0.0,27.0,0.0,21.6,28.613247652723473,60.06719892411739,17.376426176168696,99.97931996837977
M001218,Richard McCormick,,15.27,21.86,3.72,6.91,50.0,50.0,50.0,50.0
M001219,James Moylan,,15.27,21.86,3.72,6.91,50.0,50.0,50.0,50.0
M001220,Morgan McGarvey,418.0,12.0,17.0,2.8708133971291865,4.0669856459330145,45.187246666463295,40.47035170337271,41.51015620059314,24.71717182119873
M001222,Max Miller,97.0,1.0,9.0,1.0309278350515463,9.278350515463918,29.88410532808442,26.16673879380551,24.85503576730842,71.54288148769255
M001223,Seth Magaziner,235.0,21.0,21.0,8.936170212765958,8.936170212765958,58.39107061769976,48.29783509252229,90.61166660979926,68.68921462827686
M001224,Nathaniel Moran,481.0,1.0,19.0,0.2079002079002079,3.9501039501039505,29.88410532808442,44.356548298261735,18.75680165955674,23.838305227385582
M001225,Kevin Mullin,137.0,1.0,9.0,0.7299270072992701,6.569343065693431,29.88410532808442,26.16673879380551,22.51038099326874,46.73676156907121
M001226,Robert Menendez,214.0,4.0,9.0,1.8691588785046727,4.205607476635514,33.84160303869421,26.16673879380551,32.01125404079117,25.781563717377313
M001227,Jennifer McClellan,377.0,12.0,19.0,3.183023872679045,5.039787798408488,45.187246666463295,44.356548298261735,44.606874001726446,32.65101750569418
M001228,Celeste Maloy,182.0,2.0,11.0,1.098901098901099,6.043956043956044,31.1800069324024,29.495798096473848,25.401968701682797,41.75427897857676
M001229,LaMonica McIver,,15.27,21.86,3.72,6.91,50.0,50.0,50.0,50.0
M001230,Ryan Mackenzie,,15.27,21.86,3.72,6.91,50.0,50.0,50.0,50.0
M001231,John Mannion,,15.27,21.86,3.72,6.91,50.0,50.0,50.0,50.0
M001232,April McClain Delaney,,15.27,21.86,3.72,6.91,50.0,50.0,50.0,50.0
M001233,Mark Messmer,,15.27,21.86,3.72,6.91,50.0,50.0,50.0,50.0
M001234,Kelly Morrison,,15.27,21.86,3.72,6.91,50.0,50.0,50.0,50.0
M001235,Riley Moore,,15.27,21.86,3.72,6.91,50.0,50.0,50.0,50.0
M001236,Tim Moore,,15.27,21.86,3.72,6.91,50.0,50.0,50.0,50.0
M001237,Kristen McDonald Rivet,,15.27,21.86,3.72,6.91,50.0,50.0,50.0,50.0
M001238,Sarah McBride,,15.27,21.86,3.72,6.91,50.0,50.0,50.0,50.0
M001239,John McGuire,,15.27,21.86,3.72,6.91,50.0,50.0,50.0,50.0
M001240,Addison McDowell,,15.27,21.86,3.72,6.91,50.0,50.0,50.0,50.0
M001241,Dave Min,,15.27,21.86,3.72,6.91,50.0,50.0,50.0,50.0
M001242,Bernie Moreno,,15.27,21.86,3.72,6.91,50.0,50.0,50.0,50.0
M001243,David McCormick,,15.27,21.86,3.72,6.91,50.0,50.0,50.0,50.0
M001244,Ashley Moody,,15.27,21.86,3.72,6.91,50.0,50.0,50.0,50.0
N000002,Jerrold Nadler,298.0,16.0,24.0,5.369127516778524,8.053691275167784,51.076895311127515,54.228954263620565,66.14582883431514,60.831337256941666
N000015,Richard Neal,93.0,0.0,2.0,0.0,2.1505376344086025,28.613247652723473,16.216277000614294,17.376426176168696,12.629076658348781
N000026,Troy Nehls,378.0,8.0,25.0,2.1164021164021163,6.613756613756613,39.401834534579116,56.191698732131215,34.27575141991487,47.161437526696
N000147,Eleanor Norton,166.0,2.0,19.0,1.2048192771084338,11.44578313253012,31.1800069324024,44.356548298261735,26.26663880677713,86.22166445064457
N000188,Donald Norcross,180.0,3.0,11.0,1.6666666666666667,6.111111111111111,32.499640115792296,29.495798096473848,30.20482714785768,42.38552021969914
N000189,Dan Newhouse,164.0,0.0,29.0,0.0,17.682926829268293,28.613247652723473,63.84588640233244,17.376426176168696,99.51962645785136
N000190,Ralph Norman,150.0,6.0,1.0,4.0,0.6666666666666667,36.586489164124316,15.027941766894298,52.81845533427004,6.670348349810497
N000191,Joe Neguse,138.0,0.0,17.0,0.0,12.318840579710146,28.613247652723473,40.47035170337271,17.376426176168696,90.3234138020792
N000193,Zachary Nunn,,15.27,21.86,3.72,6.91,50.0,50.0,50.0,50.0
O000019,Jay Obernolte,165.0,0.0,12.0,0.0,7.2727272727272725,28.613247652723473,31.23040338222601,17.376426176168696,53.47413679836468
O000086,Burgess Owens,,15.27,21.86,3.72,6.91,50.0,50.0,50.0,50.0
O000172,Alexandria Ocasio-Cortez,84.0,0.0,11.0,0.0,13.095238095238097,28.613247652723473,29.495798096473848,17.376426176168696,93.14709452125456
O000173,Ilhan Omar,257.0,10.0,11.0,3.8910505836575875,4.280155642023346,42.27370068126419,29.495798096473848,51.72267919203972,26.36365517123767
O000174,Jon Ossoff,227.0,6.0,62.0,2.643171806167401,27.312775330396477,36.586489164124316,97.6817737961658,39.28393397835453,99.99995317036226
O000175,Andrew Ogles,304.0,28.0,1.0,9.210526315789473,0.3289473684210526,68.11025127028834,15.027941766894298,91.7202332636865,5.682663374218435
O000176,Johnny Olszewski,,15.27,21.86,3.72,6.91,50.0,50.0,50.0,50.0
O000177,Robert Onder,,15.27,21.86,3.72,6.91,50.0,50.0,50.0,50.0
P000034,Frank Pallone,675.0,77.0,37.0,11.407407407407408,5.481481481481482,98.87822885991096,77.37834188396742,97.38868982332566,36.56510835125759
P000048,August Pfluger,295.0,2.0,20.0,0.6779661016949152,6.779661016949152,31.1800069324024,46.32267884440836,22.118704444827035,48.750259014191194
P000145,Alex Padilla,,15.27,21.86,3.72,6.91,50.0,50.0,50.0,50.0
P000197,Nancy Pelosi,156.0,6.0,7.0,3.8461538461538463,4.487179487179487,36.586489164124316,23.041859944476556,51.27069675784753,28.014568543741937
P000595,Gary Peters,329.0,35.0,63.0,10.638297872340425,19.148936170212767,76.72009091291778,97.94087225614548,95.96852265142483,99.83697739491679
P000597,Chellie Pingree,202.0,4.0,14.0,1.9801980198019802,6.9306930693069315,33.84160303869421,34.82407507109054,33.020617217972024,50.198444860900096
P000603,Rand Paul,406.0,9.0,23.0,2.2167487684729066,5.665024630541872,40.831611500213924,52.25583969210729,35.21178778106608,38.23659054434436
P000605,Scott Perry,340.0,6.0,7.0,1.7647058823529411,2.0588235294117645,36.586489164124316,23.041859944476556,31.073743989620418,12.177726784760717
P000607,Mark Pocan,215.0,32.0,4.0,14.883720930232558,1.8604651162790697,73.19472836661927,18.771384182753586,99.7592235276305,11.240622825618951
P000608,Scott Peters,213.0,5.0,30.0,2.3474178403755865,14.084507042253522,35.204408592945136,65.68826921046826,36.44415438039336,95.77039155568431
P000609,Gary Palmer,98.0,1.0,2.0,1.0204081632653061,2.0408163265306123,29.88410532808442,16.216277000614294,24.77095554826802,12.090456359656915
P000610,Stacey Plaskett,114.0,2.0,11.0,1.7543859649122806,9.649122807017543,31.1800069324024,29.495798096473848,30.98176879542558,74.48732381735412
P000613,Jimmy Panetta,602.0,5.0,74.0,0.8305647840531563,12.29235880398671,35.204408592945136,99.51675456339095,23.28004377257406,90.21390059309942
P000614,Chris Pappas,239.0,0.0,37.0,0.0,15.481171548117153,28.613247652723473,77.37834188396742,17.376426176168696,98.03187800973716
P000617,Ayanna Pressley,197.0,19.0,1.0,9.644670050761421,0.5076142131979695,55.48575779151855,15.027941766894298,93.26899530101956,6.189787047057997
P000620,Brittany Pettersen,263.0,4.0,31.0,1.520912547528517,11.787072243346007,33.84160303869421,67.49409087242452,28.933615189974976,87.94763598146086
P000621,Nellie Pou,,15.27,21.86,3.72,6.91,50.0,50.0,50.0,50.0
Q000023,Mike Quigley,318.0,16.0,14.0,5.031446540880504,4.40251572327044,51.076895311127515,34.82407507109054,62.974323259236186,27.3333966047688
R000122,Jack Reed,,15.27,21.86,3.72,6.91,50.0,50.0,50.0,50.0
R000305,Deborah Ross,229.0,16.0,23.0,6.986899563318777,10.043668122270741,51.076895311127515,52.25583969210729,79.53070049272858,77.43608468302253
R000395,Harold Rogers,58.0,0.0,4.0,0.0,6.896551724137931,28.613247652723473,18.771384182753586,17.376426176168696,49.87103181502274
R000575,Mike Rogers,92.0,1.0,3.0,1.0869565217391304,3.260869565217391,29.88410532808442,17.464170428385355,25.30540394739293,19.019041565127143
R000579,Patrick Ryan,171.0,0.0,20.0,0.0,11.695906432748536,28.613247652723473,46.32267884440836,17.376426176168696,87.50224153716258
R000584,James Risch,349.0,1.0,18.0,0.28653295128939826,5.157593123209169,29.88410532808442,42.40421558190651,19.29608320144947,33.678566496827564
R000599,Raul Ruiz,151.0,2.0,6.0,1.3245033112582782,3.9735099337748347,31.1800069324024,21.561260880381887,27.261494508945468,24.012919537387862
R000600,Aumua Radewagen,,15.27,21.86,3.72,6.91,50.0,50.0,50.0,50.0
R000603,David Rouzer,227.0,0.0,16.0,0.0,7.048458149779736,28.613247652723473,38.55949306930117,17.376426176168696,51.32756282233245
R000605,Mike Rounds,246.0,0.0,10.0,0.0,4.0650406504065035,28.613247652723473,27.806964536365253,17.376426176168696,24.70240641359613
R000606,Jamie Raskin,558.0,37.0,35.0,6.630824372759856,6.272401433691756,78.91929961330307,74.28346291565632,76.8847506057561,43.909311800380756
R000608,Jacky Rosen,586.0,44.0,99.0,7.508532423208192,16.89419795221843,85.59956209980291,99.99354811028782,83.06406779114933,99.1803529650843
R000609,John Rutherford,147.0,1.0,18.0,0.6802721088435374,12.244897959183673,29.88410532808442,42.40421558190651,22.13600382271677,90.0153620190131
R000610,Guy Reschenthaler,156.0,3.0,3.0,1.9230769230769231,1.9230769230769231,32.499640115792296,17.464170428385355,32.49977456428489,11.530683120041962
R000612,John Rose,75.0,0.0,3.0,0.0,4.0,28.613247652723473,17.464170428385355,17.376426176168696,24.21137995643993
R000614,Chip Roy,694.0,10.0,23.0,1.440922190201729,3.314121037463977,42.27370068126419,52.25583969210729,28.246824554971155,19.368574900662654
R000617,Delia Ramirez,297.0,18.0,8.0,6.0606060606060606,2.6936026936026933,54.0209504010364,24.577639682883927,72.2760605824178,15.539708161667981
R000618,Pete Ricketts,686.0,2.0,37.0,0.2915451895043732,5.393586005830904,31.1800069324024,77.37834188396742,19.330776342102318,35.77339022761937
R000619,Michael Rulli,,15.27,21.86,3.72,6.91,50.0,50.0,50.0,50.0
R000620,Luz Rivas,,15.27,21.86,3.72,6.91,50.0,50.0,50.0,50.0
R000621,Emily Randall,,15.27,21.86,3.72,6.91,50.0,50.0,50.0,50.0
R000622,Josh Riley,,15.27,21.86,3.72,6.91,50.0,50.0,50.0,50.0
S000033,Bernard Sanders,766.0,32.0,26.0,4.177545691906006,3.3942558746736298,73.19472836661927,58.13932582946625,54.59921710517152,19.901890689167896
S000148,Charles Schumer,1964.0,221.0,151.0,11.25254582484725,7.688391038696538,99.99999999999861,99.99999999267291,97.14247514973404,57.421407252120545
S000168,Maria Salazar,292.0,17.0,14.0,5.821917808219178,4.794520547945205,52.550664137511106,34.82407507109054,70.2216917908697,30.55413035028294
S000185,Robert Scott,147.0,5.0,1.0,3.4013605442176873,0.6802721088435374,35.204408592945136,15.027941766894298,46.79339111822709,6.712760616989737
S000250,Pete Sessions,214.0,0.0,11.0,0.0,5.14018691588785,28.613247652723473,29.495798096473848,17.376426176168696,33.525949285203794
S000344,Brad Sherman,539.0,18.0,22.0,3.339517625231911,4.081632653061225,54.0209504010364,50.27717851067543,46.172795871665414,24.828515827427456
S000510,Adam Smith,317.0,24.0,5.0,7.570977917981073,1.5772870662460567,62.65974824425833,20.137370370957736,83.45914026898811,9.993848726591665
S000522,Christopher Smith,90.0,0.0,4.0,0.0,4.444444444444445,28.613247652723473,18.771384182753586,17.376426176168696,27.669712083014563
S000929,Victoria Spartz,68.0,5.0,5.0,7.352941176470589,7.352941176470589,35.204408592945136,20.137370370957736,82.05359224358156,54.239774874152126
S001145,Janice Schakowsky,219.0,15.0,8.0,6.8493150684931505,3.65296803652968,49.601654490376006,24.577639682883927,78.53035852980884,21.68310630319586
S001148,Michael Simpson,284.0,0.0,17.0,0.0,5.985915492957746,28.613247652723473,40.47035170337271,17.376426176168696,41.21041241862534
S001150,Adam Schiff,861.0,171.0,25.0,19.860627177700348,2.9036004645760745,99.99999957754643,56.191698732131215,99.99770832138407,16.775448886748084
S001156,Linda Sánchez,121.0,9.0,9.0,7.43801652892562,7.43801652892562,40.831611500213924,26.16673879380551,82.61071743663182,55.05009315961542
S001157,David Scott,21.0,0.0,3.0,0.0,14.285714285714285,28.613247652723473,17.464170428385355,17.376426176168696,96.18863294031352
S001159,Marilyn Strickland,155.0,16.0,16.0,10.32258064516129,10.32258064516129,51.076895311127515,38.55949306930117,95.22744395999466,79.39865330770076
S001172,Adrian Smith,268.0,4.0,33.0,1.4925373134328357,12.313432835820896,33.84160303869421,70.98181682257824,28.689091085165142,90.30112396617783
S001176,Steve Scalise,318.0,3.0,6.0,0.9433962264150944,1.8867924528301887,32.499640115792296,21.561260880381887,24.160078320570534,11.361947340301349
S001181,Jeanne Shaheen,798.0,33.0,82.0,4.135338345864661,10.275689223057643,74.39898923783343,99.858032454355,54.176584260645434,79.07596564830163
S001183,David Schweikert,1320.0,26.0,30.0,1.9696969696969695,2.272727272727273,65.42497248548318,65.68826921046826,32.92461534451618,13.248328041327529
S001184,Tim Scott,352.0,3.0,25.0,0.8522727272727272,7.1022727272727275,32.499640115792296,56.191698732131215,23.447959623182275,51.843231221277776
S001185,Terri Sewell,205.0,9.0,12.0,4.390243902439024,5.853658536585367,40.831611500213924,31.23040338222601,56.72013792960071,39.97755000427096
S001188,Marlin Stutzman,,15.27,21.86,3.72,6.91,50.0,50.0,50.0,50.0
S001189,Austin Scott,154.0,1.0,14.0,0.6493506493506493,9.090909090909092,29.88410532808442,34.82407507109054,21.904679336640736,69.99500973822678
S001190,Bradley Schneider,270.0,11.0,15.0,4.074074074074074,5.555555555555555,43.72622037741582,36.676009636889034,53.562301275432645,37.236819500991885
S001193,Eric Swalwell,158.0,29.0,4.0,18.354430379746837,2.5316455696202533,69.4191367185572,18.771384182753586,99.98903000649469,14.628761685105808
S001194,Brian Schatz,601.0,51.0,54.0,8.48585690515807,8.985024958402663,90.68119444365979,94.46480436599721,88.56084031915675,69.10412922814263
S001195,Jason Smith,325.0,7.0,10.0,2.1538461538461537,3.076923076923077,37.98620191116468,27.806964536365253,34.62393974128311,17.841749463146723
S001196,Elise Stefanik,35.0,0.0,1.0,0.0,2.857142857142857,28.613247652723473,15.027941766894298,17.376426176168696,16.496757577466543
S001198,Dan Sullivan,487.0,11.0,27.0,2.2587268993839835,5.544147843942506,43.72622037741582,60.06719892411739,35.606074720552115,37.133114029306526
S001199,Lloyd Smucker,247.0,0.0,23.0,0.0,9.31174089068826,28.613247652723473,52.25583969210729,17.376426176168696,71.81456281853075
S001200,Darren Soto,512.0,20.0,29.0,3.90625,5.6640625,56.94311238473351,63.84588640233244,51.8756468357642,38.2277681378265
S001201,Thomas Suozzi,,15.27,21.86,3.72,6.91,50.0,50.0,50.0,50.0
S001203,Tina Smith,424.0,50.0,39.0,11.79245283018868,9.19811320754717,90.04978453827317,80.2509858608777,97.92499321801732,70.88496457938881
S001205,Mary Scanlon,192.0,12.0,14.0,6.25,7.291666666666667,45.187246666463295,34.82407507109054,73.85523916379627,53.65503913906995
S001207,Mikie Sherrill,161.0,4.0,17.0,2.484472049689441,10.559006211180124,33.84160303869421,40.47035170337271,37.75194987787104,80.98014758940528
S001208,Elissa Slotkin,290.0,15.0,37.0,5.172413793103448,12.758620689655173,49.601654490376006,77.37834188396742,64.31051391099946,92.01258267745433
S001211,Greg Stanton,346.0,2.0,48.0,0.5780346820809248,13.872832369942195,31.1800069324024,90.27309296634101,21.376495452181693,95.2910893613063
S001212,Pete Stauber,248.0,8.0,16.0,3.225806451612903,6.451612903225806,39.401834534579116,38.55949306930117,45.0342388301711,45.61296612726002
S001213,Bryan Steil,204.0,0.0,11.0,0.0,5.392156862745098,28.613247652723473,29.495798096473848,17.376426176168696,35.760566584220015
S001214,W. Steube,381.0,11.0,22.0,2.8871391076115485,5.774278215223097,43.72622037741582,50.27717851067543,41.67095848623937,39.24227472255924
S001215,Haley Stevens,232.0,3.0,16.0,1.293103448275862,6.896551724137931,32.499640115792296,38.55949306930117,26.998688227453393,49.87103181502274
S001216,Kim Schrier,137.0,12.0,17.0,8.75912408759124,12.408759124087592,45.187246666463295,40.47035170337271,89.84033178729601,90.6885468159272
S001217,Rick Scott,840.0,43.0,54.0,5.119047619047619,6.428571428571428,84.74405230865469,94.46480436599721,63.80662982224736,45.3934048567701
S001218,Melanie Stansbury,292.0,23.0,19.0,7.876712328767123,6.506849315068493,61.25122191482267,44.356548298261735,85.30661802014929,46.139844831064536
S001220,Dale Strong,129.0,1.0,11.0,0.7751937984496124,8.527131782945736,29.88410532808442,29.495798096473848,22.854777501048893,65.12633884938373
S001221,Hillary Scholten,472.0,3.0,39.0,0.6355932203389831,8.26271186440678,32.499640115792296,80.2509858608777,21.802208055351258,62.74742180276092
S001223,Emilia Sykes,499.0,2.0,30.0,0.4008016032064128,6.012024048096192,31.1800069324024,65.68826921046826,20.09644121054479,41.454859310472344
S001224,Keith Self,337.0,19.0,6.0,5.637982195845697,1.7804154302670623,55.48575779151855,21.561260880381887,68.59273270721762,10.877422502290463
S001225,Eric Sorensen,79.0,0.0,8.0,0.0,10.126582278481013,28.613247652723473,24.577639682883927,17.376426176168696,78.03029851638503
S001226,Andrea Salinas,219.0,11.0,24.0,5.0228310502283104,10.95890410958904,43.72622037741582,54.228954263620565,62.89213018555208,83.47964620623665
S001227,Eric Schmitt,250.0,6.0,10.0,2.4,4.0,36.586489164124316,27.806964536365253,36.944134018176364,24.21137995643993
S001228,Derek Schmidt,,15.27,21.86,3.72,6.91,50.0,50.0,50.0,50.0
S001229,Jefferson Shreve,,15.27,21.86,3.72,6.91,50.0,50.0,50.0,50.0
S001230,Suhas Subramanyam,,15.27,21.86,3.72,6.91,50.0,50.0,50.0,50.0
S001231,Lateefah Simon,,15.27,21.86,3.72,6.91,50.0,50.0,50.0,50.0
S001232,Tim Sheehy,,15.27,21.86,3.72,6.91,50.0,50.0,50.0,50.0
T000165,Thomas Tiffany,516.0,24.0,24.0,4.651162790697675,4.651162790697675,62.65974824425833,54.228954263620565,59.295078555651884,29.356844234498432
T000193,Bennie Thompson,116.0,1.0,4.0,0.8620689655172413,3.4482758620689653,29.88410532808442,18.771384182753586,23.52395460137153,20.266348846830407
T000250,John Thune,1302.0,5.0,114.0,0.38402457757296465,8.755760368663594,35.204408592945136,99.99975926578126,19.97770004760742,67.13675031978265
T000278,Tommy Tuberville,918.0,19.0,33.0,2.0697167755991286,3.594771241830065,55.48575779151855,70.98181682257824,33.84349593804733,21.274584619107817
T000460,Mike Thompson,265.0,2.0,8.0,0.7547169811320755,3.018867924528302,31.1800069324024,24.577639682883927,22.698621448161767,17.479926711557503
T000463,Michael Turner,67.0,1.0,10.0,1.4925373134328357,14.925373134328357,29.88410532808442,27.806964536365253,28.689091085165142,97.29959989915812
T000467,Glenn Thompson,320.0,1.0,35.0,0.3125,10.9375,29.88410532808442,74.28346291565632,19.476230745801963,83.35150290269695
T000468,Dina Titus,320.0,13.0,20.0,4.0625,6.25,46.65482104063198,46.32267884440836,53.446150728925915,43.69708014615702
T000469,Paul Tonko,465.0,28.0,28.0,6.021505376344086,6.021505376344086,68.11025127028834,61.970825084634875,71.94431990758035,41.54371276597876
T000472,Mark Takano,127.0,6.0,8.0,4.724409448818897,6.299212598425196,36.586489164124316,24.577639682883927,60.01126713090048,44.16355119519049
T000474,Norma Torres,139.0,4.0,9.0,2.877697841726619,6.474820143884892,33.84160303869421,26.16673879380551,41.57794828968319,45.83424245176212
T000476,Thomas Tillis,,15.27,21.86,3.72,6.91,50.0,50.0,50.0,50.0
T000478,Claudia Tenney,581.0,14.0,22.0,2.4096385542168677,3.7865748709122204,48.12695827714766,50.27717851067543,37.0360254595033,22.637948793789647
T000480,William Timmons,130.0,1.0,8.0,0.7692307692307693,6.153846153846154,29.88410532808442,24.577639682883927,22.80924131370324,42.788249673629636
T000481,Rashida Tlaib,491.0,10.0,6.0,2.0366598778004072,1.2219959266802443,42.27370068126419,21.561260880381887,33.53870319374295,8.57642874125979
T000482,Lori Trahan,273.0,13.0,16.0,4.761904761904762,5.86080586080586,46.65482104063198,38.55949306930117,60.37660470142774,40.0439324406723
T000486,Ritchie Torres,76.0,4.0,2.0,5.263157894736842,2.631578947368421,33.84160303869421,16.216277000614294,65.16157495700458,15.18651972940912
T000487,Jill Tokuda,132.0,2.0,6.0,1.5151515151515151,4.545454545454546,31.1800069324024,21.561260880381887,28.883890228183418,28.48815765331564
T000488,Shri Thanedar,152.0,13.0,6.0,8.552631578947368,3.9473684210526314,46.65482104063198,21.561260880381887,88.8836069158261,23.817942997257823
T000490,David Taylor,,15.27,21.86,3.72,6.91,50.0,50.0,50.0,50.0
T000491,Derek Tran,,15.27,21.86,3.72,6.91,50.0,50.0,50.0,50.0
U000040,Lauren Underwood,48.0,1.0,1.0,2.083333333333333,2.083333333333333,29.88410532808442,15.027941766894298,33.969353826131496,12.297221302202477
V000081,Nydia Velázquez,208.0,6.0,21.0,2.8846153846153846,10.096153846153847,36.586489164124316,48.29783509252229,41.6460915560299,77.81328012511239
V000128,Chris Van Hollen,624.0,116.0,29.0,18.58974358974359,4.647435897435898,99.99024282550548,63.84588640233244,99.99133243313604,29.326009885618287
V000129,David Valadao,422.0,0.0,63.0,0.0,14.928909952606634,28.613247652723473,97.94087225614548,17.376426176168696,97.30489562005225
V000130,Juan Vargas,260.0,10.0,29.0,3.8461538461538463,11.153846153846155,42.27370068126419,63.84588640233244,51.27069675784753,84.61725993352222
V000131,Marc Veasey,134.0,5.0,4.0,3.731343283582089,2.9850746268656714,35.204408592945136,18.771384182753586,50.114275485631175,17.271473544208472
V000133,Jefferson Van Drew,181.0,4.0,8.0,2.209944751381215,4.41988950276243,33.84160303869421,24.577639682883927,35.148027989644135,27.472507936815692
V000134,Beth Van Duyne,477.0,11.0,9.0,2.3060796645702304,1.8867924528301887,43.72622037741582,26.16673879380551,36.05269666374151,11.361947340301349
V000135,Derrick Van Orden,64.0,2.0,7.0,3.125,10.9375,31.1800069324024,23.041859944476556,44.028269352480535,83.35150290269695
V000136,Gabe Vasquez,,15.27,21.86,3.72,6.91,50.0,50.0,50.0,50.0
V000138,Eugene Vindman,,15.27,21.86,3.72,6.91,50.0,50.0,50.0,50.0
W000187,Maxine Waters,38.0,2.0,0.0,5.263157894736842,0.0,31.1800069324024,13.89910528004159,65.16157495700458,4.835093020139322
W000437,Roger Wicker,575.0,6.0,31.0,1.0434782608695654,5.391304347826087,36.586489164124316,67.49409087242452,24.95554569448739,35.75291776744313
W000779,Ron Wyden,530.0,57.0,37.0,10.754716981132075,6.981132075471698,93.86172670457307,77.37834188396742,96.21700916686105,50.68212042378934
W000788,Nikema Williams,190.0,13.0,10.0,6.842105263157896,5.263157894736842,46.65482104063198,27.806964536365253,78.47716610982157,34.609843568620526
W000790,Raphael Warnock,531.0,29.0,35.0,5.4613935969868175,6.591337099811676,69.4191367185572,74.28346291565632,66.99394074478043,46.94702196908017
W000795,Joe Wilson,642.0,50.0,11.0,7.78816199376947,1.7133956386292832,90.04978453827317,29.495798096473848,84.78635979567791,10.579893874772567
W000797,Debbie Wasserman Schultz,298.0,26.0,27.0,8.724832214765101,9.060402684563758,65.42497248548318,60.06719892411739,89.68574396787574,69.73952964579001
W000798,Tim Walberg,200.0,1.0,9.0,0.5,4.5,29.88410532808442,26.16673879380551,20.8071387537701,28.118430122481126
W000800,Peter Welch,956.0,115.0,73.0,12.02928870292887,7.635983263598327,99.98870945381329,99.44250474145083,98.20609045004979,56.92697098911361
W000802,Sheldon Whitehouse,1570.0,209.0,36.0,13.312101910828025,2.2929936305732483,99.99999999996099,75.85783944645921,99.22875891729618,13.353026148357639
W000804,Robert Wittman,676.0,1.0,114.0,0.14792899408284024,16.86390532544379,29.88410532808442,99.99975926578126,18.35183057317486,99.16390422312398
W000805,Mark Warner,480.0,40.0,37.0,8.333333333333332,7.708333333333334,81.97915571639629,77.37834188396742,87.79870962820875,57.6092493008965
W000806,Daniel Webster,265.0,0.0,13.0,0.0,4.905660377358491,28.613247652723473,33.00763924499962,17.376426176168696,31.496960661748208
W000808,Frederica Wilson,158.0,10.0,11.0,6.329113924050633,6.962025316455696,42.27370068126419,29.495798096473848,74.50094597399602,50.49890762919145
W000809,Steve Womack,278.0,0.0,22.0,0.0,7.913669064748201,28.613247652723473,50.27717851067543,17.376426176168696,59.53257529724524
W000812,Ann Wagner,214.0,1.0,12.0,0.46728971962616817,5.607476635514018,29.88410532808442,31.23040338222601,20.5711656104025,37.70998458370624
W000814,Randy Weber,530.0,11.0,13.0,2.0754716981132075,2.4528301886792456,43.72622037741582,33.00763924499962,33.89666678865196,14.198692986280436
W000816,Roger Williams,219.0,2.0,15.0,0.91324200913242,6.8493150684931505,31.1800069324024,36.676009636889034,23.923135248878282,49.41805465525082
W000817,Elizabeth Warren,938.0,159.0,53.0,16.95095948827292,5.6503198294243075,99.99999468054754,93.88763695140234,99.95828414087754,38.10181948094468
W000821,Bruce Westerman,624.0,1.0,61.0,0.16025641025641024,9.775641025641026,29.88410532808442,97.3957573324972,18.434626568743155,75.45430595462865
W000822,Bonnie Watson Coleman,329.0,29.0,16.0,8.814589665653495,4.86322188449848,69.4191367185572,38.55949306930117,90.08678777007944,31.13547338546231
W000829,Tony Wied,,15.27,21.86,3.72,6.91,50.0,50.0,50.0,50.0
W000830,George Whitesides,,15.27,21.86,3.72,6.91,50.0,50.0,50.0,50.0
Y000064,Todd Young,374.0,3.0,61.0,0.8021390374331552,16.31016042780749,32.499640115792296,97.3957573324972,23.061178090828356,98.8078631749946
Y000067,Rudy Yakym,339.0,8.0,11.0,2.359882005899705,3.2448377581120944,39.401834534579116,29.495798096473848,36.56246570064906,18.914575358745388
Z000018,Ryan Zinke,103.0,0.0,8.0,0.0,7.766990291262135,28.613247652723473,24.577639682883927,17.376426176168696,58.16073882774969
