id,vote_event_id,option,value
859cb781-4a17-49b2-b10e-82df1bd78b44,ocd-vote/b2868efa-20c8-4431-940c-d958465aee50,abstain,0
3a75e6f7-c3c7-4381-b8d7-7079d6c113ed,ocd-vote/b2868efa-20c8-4431-940c-d958465aee50,not voting,13
91cb6f78-251e-4336-9065-f1ffb3d875cb,ocd-vote/b2868efa-20c8-4431-940c-d958465aee50,no,209
7ea25674-f3b5-4916-8463-cdd59911e453,ocd-vote/b2868efa-20c8-4431-940c-d958465aee50,yes,211
1a61eb7c-2cd7-43b6-96b1-4f6fdc160176,ocd-vote/ca444fe4-8ee2-40e5-b429-889654cfb8a9,abstain,0
dbecbd2d-7c3e-443c-9ffc-bcb5065b59d0,ocd-vote/ca444fe4-8ee2-40e5-b429-889654cfb8a9,not voting,49
fcbc44c3-b1a5-496b-8eb9-8e393ecf91dd,ocd-vote/ca444fe4-8ee2-40e5-b429-889654cfb8a9,no,187
3052bee1-8f99-4b3c-83b1-9ad76a7556cf,ocd-vote/ca444fe4-8ee2-40e5-b429-889654cfb8a9,yes,196
73ee8192-82e3-40ae-9adf-c266454a8328,ocd-vote/dafd2b32-0eb0-425b-bda5-b19e03c8135c,abstain,0
f2428bdb-284b-4017-b164-63a4e809e082,ocd-vote/dafd2b32-0eb0-425b-bda5-b19e03c8135c,absent,3
4e6a4cdc-7a35-4d95-8c23-c681564962b2,ocd-vote/dafd2b32-0eb0-425b-bda5-b19e03c8135c,no,47
16dc03fb-fbc4-4415-a011-70ad983f5201,ocd-vote/dafd2b32-0eb0-425b-bda5-b19e03c8135c,yes,50
3161428c-ed2f-4f25-9177-37674fffbeac,ocd-vote/967ca37b-5061-4829-8fcc-4c5dbce9fe6e,abstain,0
1145cdde-bae5-46ad-b216-59db25a91463,ocd-vote/967ca37b-5061-4829-8fcc-4c5dbce9fe6e,absent,3
16cc0723-4abc-4ef9-8c9e-3881bb335376,ocd-vote/967ca37b-5061-4829-8fcc-4c5dbce9fe6e,no,27
4b7089eb-3723-448d-a1ef-1579b0725e1b,ocd-vote/967ca37b-5061-4829-8fcc-4c5dbce9fe6e,yes,70
1c45b465-3b8e-41be-ad94-a5aa2a8a8518,ocd-vote/9b61dd30-28a3-454a-a01b-b49d699cd40b,abstain,0
a5c21e7d-31b6-4e0b-898d-a84cf8bc27a1,ocd-vote/9b61dd30-28a3-454a-a01b-b49d699cd40b,absent,2
22355707-8678-4cf8-8d2b-17aaa58bafc0,ocd-vote/9b61dd30-28a3-454a-a01b-b49d699cd40b,no,28
9e356829-182c-4864-b98a-b19bfcfb7c20,ocd-vote/9b61dd30-28a3-454a-a01b-b49d699cd40b,yes,70
3967d94b-75ee-4a19-9c73-6cf7cf4f031c,ocd-vote/84e6be1f-1a7b-4eb4-9e2e-c2a5ab3756ed,abstain,0
22f0bade-66d9-424d-9a3f-2ba61ed4abdd,ocd-vote/84e6be1f-1a7b-4eb4-9e2e-c2a5ab3756ed,not voting,7
bb800948-70bd-42b9-b838-7ce55a94a723,ocd-vote/84e6be1f-1a7b-4eb4-9e2e-c2a5ab3756ed,no,215
a48f9ce8-cf45-4fae-9099-1826a3cc9b83,ocd-vote/84e6be1f-1a7b-4eb4-9e2e-c2a5ab3756ed,yes,211
116e5a94-6f13-49fe-9b25-89425c7ce396,ocd-vote/7689923d-de1c-46cc-9594-f2a75c97f2e4,abstain,0
2c696ada-59e8-48a5-ac5d-72ebd638705c,ocd-vote/7689923d-de1c-46cc-9594-f2a75c97f2e4,absent,3
df840a1d-509a-4564-8985-15e421120b5d,ocd-vote/7689923d-de1c-46cc-9594-f2a75c97f2e4,no,44
01d43a1b-d1b8-494a-ba65-30d0febbf9c6,ocd-vote/7689923d-de1c-46cc-9594-f2a75c97f2e4,yes,53
05da36ea-896c-408d-87ce-883823a548df,ocd-vote/f66a86ff-3923-44ac-bb38-9ebff7500b22,abstain,0
3a124e35-ff05-4f91-931d-e448d4b3bd63,ocd-vote/f66a86ff-3923-44ac-bb38-9ebff7500b22,not voting,5
95d6be48-3f83-4970-8645-383cd72fc85c,ocd-vote/f66a86ff-3923-44ac-bb38-9ebff7500b22,no,208
0b2eecb2-5d71-48d6-8d63-6a0ac8ef41dd,ocd-vote/f66a86ff-3923-44ac-bb38-9ebff7500b22,yes,220
10171c73-9b76-4d7d-8433-baeef1c45793,ocd-vote/dfae8fe5-076f-4bd7-8113-55f8f3be6f75,abstain,0
5756e5df-cbf6-467f-bb57-8bc41803052e,ocd-vote/dfae8fe5-076f-4bd7-8113-55f8f3be6f75,not voting,20
a4ce634b-88c6-4683-a4a0-fd1c6451af5f,ocd-vote/dfae8fe5-076f-4bd7-8113-55f8f3be6f75,no,1
bc7c741a-d01e-40f9-8c65-4c2ed7ed9929,ocd-vote/dfae8fe5-076f-4bd7-8113-55f8f3be6f75,yes,412
415e94cb-cdeb-4dfe-9435-4db3d7fa15d1,ocd-vote/9ac83db2-c19b-4aff-8eaf-932f75685bf3,abstain,0
66b94582-7507-4eb7-8bd5-2510ab7934c0,ocd-vote/9ac83db2-c19b-4aff-8eaf-932f75685bf3,not voting,16
d92fb39c-7fa8-4326-83da-026fe7f7469d,ocd-vote/9ac83db2-c19b-4aff-8eaf-932f75685bf3,no,56
18d4ff2d-9ddf-488c-913a-964b8095a039,ocd-vote/9ac83db2-c19b-4aff-8eaf-932f75685bf3,yes,361
821d9139-3a03-4652-921d-8fba64aa5c34,ocd-vote/84de2fdd-7735-4825-ac0d-5a1bbb55dd6d,abstain,0
2b1fd7b5-789b-4dec-8029-9954a6a23526,ocd-vote/84de2fdd-7735-4825-ac0d-5a1bbb55dd6d,absent,0
af14540a-ba9f-4ef0-b757-090f8d318758,ocd-vote/84de2fdd-7735-4825-ac0d-5a1bbb55dd6d,no,48
7f40ffb4-7133-4234-8854-f4b8a18d73cf,ocd-vote/84de2fdd-7735-4825-ac0d-5a1bbb55dd6d,yes,52
b4a7b8f1-98bc-40b5-b990-9930be4a8b55,ocd-vote/ae409c80-ad46-45b8-b654-a55669fcdb0b,abstain,0
7e5524a0-f484-45ba-af9e-e6f4b639805e,ocd-vote/ae409c80-ad46-45b8-b654-a55669fcdb0b,absent,5
20b77002-8e37-4774-a980-ae4802f2b62c,ocd-vote/ae409c80-ad46-45b8-b654-a55669fcdb0b,no,42
584e6349-0025-4e3c-a021-77bccd38e935,ocd-vote/ae409c80-ad46-45b8-b654-a55669fcdb0b,yes,53
3f548952-b08a-4402-8c93-ab98b6545381,ocd-vote/b7490e22-d11f-4935-9ba8-a9dfb85721d6,abstain,1
45b8a4ab-85eb-40a1-8b7e-5f66471fefc1,ocd-vote/b7490e22-d11f-4935-9ba8-a9dfb85721d6,absent,1
e2603fae-c75c-4b31-97a6-dba172f05fff,ocd-vote/b7490e22-d11f-4935-9ba8-a9dfb85721d6,no,83
4ee8bada-e7c2-4351-b02f-e2d6115f8fbe,ocd-vote/b7490e22-d11f-4935-9ba8-a9dfb85721d6,yes,15
a3f14b43-d3d8-4434-a97f-57588568058e,ocd-vote/8cf5b77a-1a55-4b0e-8773-8d9c55af4d83,abstain,1
16523e45-a513-4085-a5f9-8ce7697c08d0,ocd-vote/8cf5b77a-1a55-4b0e-8773-8d9c55af4d83,absent,2
f501c614-22a4-4d71-a331-139de3251af1,ocd-vote/8cf5b77a-1a55-4b0e-8773-8d9c55af4d83,no,82
14aba78f-06ce-4a28-ab20-8545401d59de,ocd-vote/8cf5b77a-1a55-4b0e-8773-8d9c55af4d83,yes,15
2ef4aac1-3d83-444d-8711-1efe03cb7066,ocd-vote/e8716b3c-be41-4cbd-998c-700841109a82,abstain,0
9dc67948-26ae-452f-92b8-09ff2250401c,ocd-vote/e8716b3c-be41-4cbd-998c-700841109a82,not voting,10
47fb93f3-47ce-4e85-bf29-1d3313194587,ocd-vote/e8716b3c-be41-4cbd-998c-700841109a82,no,208
dfa4ab70-420b-45c1-8816-8bcf832c4641,ocd-vote/e8716b3c-be41-4cbd-998c-700841109a82,yes,215
5bcb39a3-3302-4f7a-a2b2-ea1f7ed5fccb,ocd-vote/5befa1a7-a451-45f4-9946-c4ff2a756085,abstain,0
47d3b9c0-e149-4624-a031-3ec4977d43b5,ocd-vote/5befa1a7-a451-45f4-9946-c4ff2a756085,not voting,13
13e41179-6af6-413b-ad8e-0ca862018b80,ocd-vote/5befa1a7-a451-45f4-9946-c4ff2a756085,no,208
2492b37d-eea3-482d-8748-af1d24a2ab00,ocd-vote/5befa1a7-a451-45f4-9946-c4ff2a756085,yes,212
e2a77ea4-1034-4a80-8749-e53305f90fed,ocd-vote/b7c29079-1be4-4fd7-8f60-590682ca391b,abstain,0
34fc766a-15d6-4a8b-87b2-6e3f4d173fb2,ocd-vote/b7c29079-1be4-4fd7-8f60-590682ca391b,not voting,13
0294de55-df3c-4902-91fa-000b8a7ebda1,ocd-vote/b7c29079-1be4-4fd7-8f60-590682ca391b,no,108
0d156cc5-88c6-4163-a089-763f464583e7,ocd-vote/b7c29079-1be4-4fd7-8f60-590682ca391b,yes,312
33ac7c0b-6804-4240-b8c8-814c40bed2d5,ocd-vote/48acaba3-73f0-42b3-9077-19b51434d4c4,abstain,1
d8a36efa-1bfc-45d4-9c31-592660eb1c33,ocd-vote/48acaba3-73f0-42b3-9077-19b51434d4c4,not voting,11
0c48051f-7db5-44aa-831a-d3d5257bca7f,ocd-vote/48acaba3-73f0-42b3-9077-19b51434d4c4,no,211
2c41d4de-90ef-47f2-b3d9-e0891f5c9888,ocd-vote/48acaba3-73f0-42b3-9077-19b51434d4c4,yes,209
192359b6-7f2e-47b0-8bf3-d7b12ab88fa2,ocd-vote/2c71b93b-7439-4959-9d68-7b54c712ecc7,abstain,0
7539c68b-da16-41f6-a6a2-ad47ae18594b,ocd-vote/2c71b93b-7439-4959-9d68-7b54c712ecc7,not voting,19
90c34bcd-efce-4bbd-a45c-e795c1942522,ocd-vote/2c71b93b-7439-4959-9d68-7b54c712ecc7,no,188
68406b58-2546-499a-a5c3-1d4ee157e238,ocd-vote/2c71b93b-7439-4959-9d68-7b54c712ecc7,yes,226
f5880c8f-6b0b-4b6e-b31d-8124ab481141,ocd-vote/1e76647e-dc89-4fc1-b34b-9fb4f497acde,abstain,0
012a705e-1eee-408c-92bf-faca06433bef,ocd-vote/1e76647e-dc89-4fc1-b34b-9fb4f497acde,not voting,20
cb69cbcf-fcf5-4e88-8517-03bc1229b189,ocd-vote/1e76647e-dc89-4fc1-b34b-9fb4f497acde,no,207
e252afdc-8a1c-42a9-b6b1-7a0bffa0fdcd,ocd-vote/1e76647e-dc89-4fc1-b34b-9fb4f497acde,yes,205
1831a657-d4fd-44b7-a57f-bb804d6c4b02,ocd-vote/ed15ae80-84fb-4aa2-b3b0-74bc4a7cc9e3,abstain,0
920d4fe7-c8ca-4ec5-a495-763c0b9e90dd,ocd-vote/ed15ae80-84fb-4aa2-b3b0-74bc4a7cc9e3,absent,2
92056105-6267-40a4-a7c2-3f7613d3e684,ocd-vote/ed15ae80-84fb-4aa2-b3b0-74bc4a7cc9e3,no,47
969ce7ed-78d3-4f61-9f4a-459b46ca0c40,ocd-vote/ed15ae80-84fb-4aa2-b3b0-74bc4a7cc9e3,yes,51
5cb3f91d-cd2e-467e-a3ea-9b0206d1169e,ocd-vote/f28036c3-7abf-4509-9b1f-b133b3e2e329,abstain,0
5a58497b-62ce-48bb-8576-26768d2beada,ocd-vote/f28036c3-7abf-4509-9b1f-b133b3e2e329,not voting,11
434f8092-72cc-4566-b6a8-97bb16db2eb2,ocd-vote/f28036c3-7abf-4509-9b1f-b133b3e2e329,no,214
005e3834-e42a-441c-b259-7d0c735fbbcc,ocd-vote/f28036c3-7abf-4509-9b1f-b133b3e2e329,yes,209
0a10d47d-b19f-46cd-8add-bbae18878341,ocd-vote/c5b03cbf-d3f4-4598-8d67-ac1e9bb8609f,abstain,0
df24cfad-9ef1-4be8-b18d-ddfe5683a838,ocd-vote/c5b03cbf-d3f4-4598-8d67-ac1e9bb8609f,not voting,38
b615725a-75d8-44ff-9fc3-3b79c21d9286,ocd-vote/c5b03cbf-d3f4-4598-8d67-ac1e9bb8609f,no,7
2d7c9e1a-203a-4eb0-a0dc-9e1b0f46ff02,ocd-vote/c5b03cbf-d3f4-4598-8d67-ac1e9bb8609f,yes,388
be779596-64f9-4422-b2e7-8a60eab4a53f,ocd-vote/6ea2d272-6fdd-4101-a3a9-c3e8a2d48642,abstain,0
7f6a1846-62bd-46b5-96e8-4a22160d93bc,ocd-vote/6ea2d272-6fdd-4101-a3a9-c3e8a2d48642,not voting,25
e16e2dea-6cb3-4e95-9f7a-863224b84ecd,ocd-vote/6ea2d272-6fdd-4101-a3a9-c3e8a2d48642,no,0
5529e534-b69d-42f8-8b7f-38aa9aacb111,ocd-vote/6ea2d272-6fdd-4101-a3a9-c3e8a2d48642,yes,408
1864da1f-2fce-4ef6-948e-643ce824fe84,ocd-vote/9798c2a0-6217-45c3-b124-deb2841a67f8,abstain,0
3f0492dd-f89a-4831-bdbe-beb5e38fd1ed,ocd-vote/9798c2a0-6217-45c3-b124-deb2841a67f8,absent,0
642c246e-753b-4f56-8b42-57c6c7675f11,ocd-vote/9798c2a0-6217-45c3-b124-deb2841a67f8,no,48
6f15640b-f78d-4697-b850-ad5e93630f68,ocd-vote/9798c2a0-6217-45c3-b124-deb2841a67f8,yes,52
3f98f5a6-1ec9-4a3c-99e2-ae2e66952ddb,ocd-vote/9ff37bdb-6802-4e3d-a4bc-9d741fef5830,abstain,0
fb55d017-f217-4d37-964a-50d3ab222500,ocd-vote/9ff37bdb-6802-4e3d-a4bc-9d741fef5830,not voting,12
0548f199-b263-45fc-ac3d-0f7482b79a88,ocd-vote/9ff37bdb-6802-4e3d-a4bc-9d741fef5830,no,205
eb46f7b6-b717-4643-a43d-c01116cbb108,ocd-vote/9ff37bdb-6802-4e3d-a4bc-9d741fef5830,yes,216
f270b6db-3560-43ad-8eb3-ac7fd40d1364,ocd-vote/a17321fc-74f6-4b3b-bbff-912b707acca8,abstain,0
45d0d0d8-f216-4409-9a4f-d257557e44a2,ocd-vote/a17321fc-74f6-4b3b-bbff-912b707acca8,not voting,39
49678ae3-cb2c-424c-afdf-2095f7cbd26e,ocd-vote/a17321fc-74f6-4b3b-bbff-912b707acca8,no,184
9cea1309-1f71-4f3c-97bb-41d4bd28de7f,ocd-vote/a17321fc-74f6-4b3b-bbff-912b707acca8,yes,210
6158cc42-103d-45bd-857a-7d25b7afc1a9,ocd-vote/86b3245c-b8fd-41dc-a080-e2c1a7f3a1a8,abstain,0
bd407da3-6174-4b0d-9b46-1edb0d731644,ocd-vote/86b3245c-b8fd-41dc-a080-e2c1a7f3a1a8,not voting,10
3d0d31c3-8121-4b85-b0ca-a2cea7174f02,ocd-vote/86b3245c-b8fd-41dc-a080-e2c1a7f3a1a8,no,209
1c3bb601-d545-40d7-b8db-35635b1640a4,ocd-vote/86b3245c-b8fd-41dc-a080-e2c1a7f3a1a8,yes,215
a9ef0ff2-8fa7-4ac9-b212-8f68891ca59d,ocd-vote/a31b4e67-7b3d-45b0-9bc7-3461a975d202,abstain,0
c2ae2339-dbff-437a-b8a2-4ecb361af086,ocd-vote/a31b4e67-7b3d-45b0-9bc7-3461a975d202,not voting,8
dc491101-6f14-4f32-890c-76f61297196d,ocd-vote/a31b4e67-7b3d-45b0-9bc7-3461a975d202,no,210
5c8f79d7-26df-4f24-9917-79059123451a,ocd-vote/a31b4e67-7b3d-45b0-9bc7-3461a975d202,yes,216
0fbaf5c0-6bc6-43e7-bd58-59650669a6dc,ocd-vote/90a9cd0b-94dc-401d-a182-499062038495,abstain,0
d7a06b4f-dee6-4ba3-9e1e-4780e3235757,ocd-vote/90a9cd0b-94dc-401d-a182-499062038495,absent,1
635f6bf2-02fc-4aba-b72b-be0ab151fc49,ocd-vote/90a9cd0b-94dc-401d-a182-499062038495,no,48
56c2e6b5-6d5a-436f-9596-f73a3bf1ff36,ocd-vote/90a9cd0b-94dc-401d-a182-499062038495,yes,51
45544b1f-13e6-43b5-a082-904e23960c5e,ocd-vote/90ae2c7c-bff3-404b-ae5a-09970af5d7c9,abstain,2
56a59674-7a19-4bce-9e24-cc11c973a3f7,ocd-vote/90ae2c7c-bff3-404b-ae5a-09970af5d7c9,not voting,8
ee3730fc-e3f1-4625-9ae3-1c6b17efa5e3,ocd-vote/90ae2c7c-bff3-404b-ae5a-09970af5d7c9,no,198
f71f1def-607b-4f86-915d-7dbab55e44b4,ocd-vote/90ae2c7c-bff3-404b-ae5a-09970af5d7c9,yes,224
d05016b9-79f9-4e4a-ba8e-8379a1df3b8c,ocd-vote/1e012bef-710e-4f6e-b7cc-c27cb1a9c822,abstain,0
8f5d011f-6fd5-4d83-870c-95b41cbcff9d,ocd-vote/1e012bef-710e-4f6e-b7cc-c27cb1a9c822,absent,6
96a0f8f4-61a8-43b3-a85b-482a9673072b,ocd-vote/1e012bef-710e-4f6e-b7cc-c27cb1a9c822,no,12
7e46739a-5484-4b44-97fc-737f81b5bfa0,ocd-vote/1e012bef-710e-4f6e-b7cc-c27cb1a9c822,yes,82
81f43418-563f-4767-9def-a2e7b8304773,ocd-vote/0e0e5b01-44cb-4f74-b986-585a0e86c73a,abstain,0
febea99c-00d1-4208-87ff-2a05ca16879a,ocd-vote/0e0e5b01-44cb-4f74-b986-585a0e86c73a,not voting,13
5f4849a9-1953-4ab2-be46-3da726e275a1,ocd-vote/0e0e5b01-44cb-4f74-b986-585a0e86c73a,no,208
fe1eb82d-28ed-47c5-9c4f-925e42633ac0,ocd-vote/0e0e5b01-44cb-4f74-b986-585a0e86c73a,yes,212
51a2ad51-3f2d-4453-acf9-b2fd71b3e7d5,ocd-vote/84ccb243-8d1e-4a54-adca-2a9eddfd0d0e,abstain,0
8dca08af-844f-4099-8e47-77e09fb206ca,ocd-vote/84ccb243-8d1e-4a54-adca-2a9eddfd0d0e,not voting,15
af6324c1-0318-472e-985a-947c052dce72,ocd-vote/84ccb243-8d1e-4a54-adca-2a9eddfd0d0e,no,213
02b430a4-9b26-4f1d-af0b-ce3fa53e0878,ocd-vote/84ccb243-8d1e-4a54-adca-2a9eddfd0d0e,yes,205
7a333f6e-7e80-4e28-9fc7-14de63c6f4a4,ocd-vote/b6445bdf-d139-4d62-8a8b-ce981915d029,abstain,0
a574233a-c517-49a7-bb90-7060c249fb05,ocd-vote/b6445bdf-d139-4d62-8a8b-ce981915d029,not voting,20
065cdff2-354e-40f7-8206-f8cfb8872bf3,ocd-vote/b6445bdf-d139-4d62-8a8b-ce981915d029,no,169
7962cffc-6771-46e7-887a-277a1bfa4f84,ocd-vote/b6445bdf-d139-4d62-8a8b-ce981915d029,yes,241
5eca3c06-21e1-4b52-be9d-a6f64c2bc83b,ocd-vote/e5485793-bef2-4331-9334-b3afc22aed42,abstain,0
cf9cf3b9-948b-4eb0-a0b2-0273df4e567e,ocd-vote/e5485793-bef2-4331-9334-b3afc22aed42,not voting,14
df6896bd-c578-4f50-85f4-99764c786b0c,ocd-vote/e5485793-bef2-4331-9334-b3afc22aed42,no,155
ef82df87-d32a-4f94-ac85-a1aaf12c214f,ocd-vote/e5485793-bef2-4331-9334-b3afc22aed42,yes,264
47f2a941-3db9-4766-9162-567666ebe1a2,ocd-vote/9ca8ab8f-f167-439b-9ce9-58c940210c6d,abstain,0
f7cdf894-2aa9-4197-80cd-4b820f611607,ocd-vote/9ca8ab8f-f167-439b-9ce9-58c940210c6d,not voting,11
b62ab7f8-86d4-48e5-8743-6ba8bf938e79,ocd-vote/9ca8ab8f-f167-439b-9ce9-58c940210c6d,no,159
ae7c45a5-5ed7-44e3-b813-dd70ad59e48e,ocd-vote/9ca8ab8f-f167-439b-9ce9-58c940210c6d,yes,264
4c5ebb94-e8d1-4cb2-86e7-068a4e67e16e,ocd-vote/d060f8e7-ca85-463a-ac8f-1a4daeed2e54,abstain,1
522bc520-0a0f-4317-8b6c-89a72cb8ca50,ocd-vote/d060f8e7-ca85-463a-ac8f-1a4daeed2e54,not voting,50
01ce1350-207d-43e0-b8d5-60e52476dfa6,ocd-vote/d060f8e7-ca85-463a-ac8f-1a4daeed2e54,no,140
1e2a911b-b494-4f8c-8e16-fb4e15ece2f2,ocd-vote/d060f8e7-ca85-463a-ac8f-1a4daeed2e54,yes,243
63baf002-b993-442e-ad74-1d7f58a4155c,ocd-vote/949f0d44-98c7-4cc4-97d5-4fa60df34f63,abstain,0
80ca7453-67f8-4ffa-9f4e-7fee0ff07ee4,ocd-vote/949f0d44-98c7-4cc4-97d5-4fa60df34f63,absent,6
a6836206-f980-4017-a855-869f34cb0a90,ocd-vote/949f0d44-98c7-4cc4-97d5-4fa60df34f63,no,9
fe1ac7b2-a77a-4164-a370-bd04ae450eff,ocd-vote/949f0d44-98c7-4cc4-97d5-4fa60df34f63,yes,84
ceb0195c-6297-40b9-9b8a-64e5592460f6,ocd-vote/19cfdf06-fa97-4b36-a74e-d71498937cd5,abstain,0
69c91d35-fc8a-44f4-a13f-7b230d92f009,ocd-vote/19cfdf06-fa97-4b36-a74e-d71498937cd5,absent,6
06a9744a-8e70-4648-8439-a40dfad55875,ocd-vote/19cfdf06-fa97-4b36-a74e-d71498937cd5,no,10
f8b1a496-558a-4f13-b5b5-28b540273358,ocd-vote/19cfdf06-fa97-4b36-a74e-d71498937cd5,yes,82
4bcbd149-05f4-4a04-a84b-b1f9df98cdd6,ocd-vote/a8d45029-c268-4705-a2a0-567a56b7d255,abstain,0
3ea8f982-248a-45ea-b459-c1d856c459e9,ocd-vote/a8d45029-c268-4705-a2a0-567a56b7d255,not voting,8
cab5a496-500c-4d95-8d0c-e74b49dfba8e,ocd-vote/a8d45029-c268-4705-a2a0-567a56b7d255,no,0
0234528b-1d68-4044-9ec9-bad1bea40990,ocd-vote/a8d45029-c268-4705-a2a0-567a56b7d255,yes,426
ad3f6fdc-a7bc-4c10-9542-c99fa58fe99b,ocd-vote/a215d41b-6734-4bbc-8748-3538f87cc8f3,abstain,1
2ba061f6-01e8-43b2-94ce-7f9a568fc010,ocd-vote/a215d41b-6734-4bbc-8748-3538f87cc8f3,not voting,9
92e29415-b027-4f5d-bb77-f4d8963eda07,ocd-vote/a215d41b-6734-4bbc-8748-3538f87cc8f3,no,206
93bc98ef-fa92-4169-84a7-234044b231df,ocd-vote/a215d41b-6734-4bbc-8748-3538f87cc8f3,yes,218
83ab7c0d-7a04-45a0-a34b-6f158b208058,ocd-vote/ceff6592-56ff-4243-a4bf-cdc538bb614b,abstain,0
d3540e2f-7b5b-4d77-a034-92e371809e90,ocd-vote/ceff6592-56ff-4243-a4bf-cdc538bb614b,not voting,8
677994d7-e2c7-46a3-a4de-614e27ea5a24,ocd-vote/ceff6592-56ff-4243-a4bf-cdc538bb614b,no,218
c7545e0c-3942-4e8e-81b1-dd05d3cfb0a6,ocd-vote/ceff6592-56ff-4243-a4bf-cdc538bb614b,yes,208
c3f64bdc-9639-4a4f-905c-1dabde0e974d,ocd-vote/c7b00788-567d-4806-9d70-a81973cbf9f4,abstain,0
6642f280-cdd6-4c42-89cc-c10488ddfd57,ocd-vote/c7b00788-567d-4806-9d70-a81973cbf9f4,not voting,9
7dff5819-c118-42bf-9bba-e4d9f237c785,ocd-vote/c7b00788-567d-4806-9d70-a81973cbf9f4,no,1
771aaf56-b572-47b9-b327-c4fd622475ef,ocd-vote/c7b00788-567d-4806-9d70-a81973cbf9f4,yes,423
0fadd6b0-e4fe-4d10-8727-a642d72bc7b6,ocd-vote/efad651b-807c-4c17-8f86-31aa273e64ae,abstain,0
b1511000-b6d7-4c6f-8820-5e97145bc7db,ocd-vote/efad651b-807c-4c17-8f86-31aa273e64ae,not voting,10
83516d77-eaa1-4302-905a-1da54cafdcaa,ocd-vote/efad651b-807c-4c17-8f86-31aa273e64ae,no,0
55b66117-5bc2-4e0c-b466-b77fbe369378,ocd-vote/efad651b-807c-4c17-8f86-31aa273e64ae,yes,423
8544fd4b-8d66-4624-8ff1-90d729c952b8,ocd-vote/fc4bf3f9-1415-42a0-a4d5-497cfdb72b09,abstain,0
8b56fe69-cd5b-487c-9863-0735a703d4b2,ocd-vote/fc4bf3f9-1415-42a0-a4d5-497cfdb72b09,not voting,12
9220e53a-0092-42b9-abcd-576b014c3f79,ocd-vote/fc4bf3f9-1415-42a0-a4d5-497cfdb72b09,no,2
86836be4-9a67-4787-a7e1-036212c4c7ea,ocd-vote/fc4bf3f9-1415-42a0-a4d5-497cfdb72b09,yes,419
be52a461-2ebe-4d94-9196-0b0a0bc3adf5,ocd-vote/1cceca01-d47a-4b0a-b106-733c03d11de4,abstain,0
36316c4a-0431-4c84-8e41-f143c28473ed,ocd-vote/1cceca01-d47a-4b0a-b106-733c03d11de4,not voting,15
72e76942-26fc-4e44-8899-f8b54d2f1f63,ocd-vote/1cceca01-d47a-4b0a-b106-733c03d11de4,no,145
0ea46ddd-4e95-4973-8c28-08eab1d8542b,ocd-vote/1cceca01-d47a-4b0a-b106-733c03d11de4,yes,274
bd78ff03-6455-48d8-808f-f3d57e59a9a7,ocd-vote/c4821886-ce94-48e8-986d-3a586b15a9db,abstain,0
377f7abc-e29e-4a1f-b1ce-d9db8a26b648,ocd-vote/c4821886-ce94-48e8-986d-3a586b15a9db,absent,3
ffd46c7a-97e5-435b-9e85-35bc6c1aa09e,ocd-vote/c4821886-ce94-48e8-986d-3a586b15a9db,no,35
b8e6273e-f4f5-449a-9be3-7e2ab19ffd20,ocd-vote/c4821886-ce94-48e8-986d-3a586b15a9db,yes,61
e0f27810-64c1-45c6-aad4-e70202b35ec6,ocd-vote/9dffa967-bec7-4bd0-9522-32a79e9286e3,abstain,0
7be5e556-2e9e-4d48-9eee-bd35cbf74fa3,ocd-vote/9dffa967-bec7-4bd0-9522-32a79e9286e3,absent,0
4a789ff2-4e68-4d80-ae15-0ee93b167906,ocd-vote/9dffa967-bec7-4bd0-9522-32a79e9286e3,no,35
a1ac3358-ab1e-41f9-bc65-dda590a2b0e3,ocd-vote/9dffa967-bec7-4bd0-9522-32a79e9286e3,yes,64
f2077ae1-8745-4f12-a28f-8ea8cd5bb757,ocd-vote/ef218a59-eeca-4a19-a276-4ab0a1e4afc6,abstain,0
8745b726-9a67-4772-a451-7d095aa888c6,ocd-vote/ef218a59-eeca-4a19-a276-4ab0a1e4afc6,not voting,24
ac370e23-8d21-480c-ad63-5c788be0a255,ocd-vote/ef218a59-eeca-4a19-a276-4ab0a1e4afc6,no,5
bddd652c-4cb2-4bb3-95e3-23971ec64119,ocd-vote/ef218a59-eeca-4a19-a276-4ab0a1e4afc6,yes,405
efebdeee-968e-4bfa-8b2b-9bfc83cf3ade,ocd-vote/6adb9552-597c-4b49-b509-fad37f132829,abstain,0
a30089ea-19bd-4110-8101-a3c24f79d612,ocd-vote/6adb9552-597c-4b49-b509-fad37f132829,not voting,15
99251076-9eee-426a-a1c8-f539a55d6f79,ocd-vote/6adb9552-597c-4b49-b509-fad37f132829,no,213
279c182c-7d97-4e4e-9c4b-6d9e6fad9527,ocd-vote/6adb9552-597c-4b49-b509-fad37f132829,yes,206
7f3b8312-fb72-44c9-a142-674f05400624,ocd-vote/fb4aae54-f11e-4ad4-a2a5-0a2a9ad71039,abstain,0
0a7db5bf-e99a-41b6-8b83-ab824b27e675,ocd-vote/fb4aae54-f11e-4ad4-a2a5-0a2a9ad71039,not voting,27
85b785c1-1aa4-4d5f-a084-f36348fa8d08,ocd-vote/fb4aae54-f11e-4ad4-a2a5-0a2a9ad71039,no,0
455ef1af-03fc-45d5-b3e3-25622c8af9a3,ocd-vote/fb4aae54-f11e-4ad4-a2a5-0a2a9ad71039,yes,407
c13118cc-d703-49e9-bfb5-65cb72b27817,ocd-vote/048536a4-99d9-417e-a827-215d8bd53104,abstain,0
9e78d6f8-6fa7-460f-986e-0a88d1e32d1e,ocd-vote/048536a4-99d9-417e-a827-215d8bd53104,not voting,18
bc38fc42-d9ea-48fa-8220-45a7aab3304f,ocd-vote/048536a4-99d9-417e-a827-215d8bd53104,no,0
4864d3ff-d9e0-4327-bc74-311671a59631,ocd-vote/048536a4-99d9-417e-a827-215d8bd53104,yes,414
3a1996df-2b94-4354-9b6e-9102748733e5,ocd-vote/e7f883b8-5134-4061-a2a8-0234486ea933,abstain,0
2e2d4b85-bcd5-410b-b5cd-1f47942313f7,ocd-vote/e7f883b8-5134-4061-a2a8-0234486ea933,not voting,19
c2027964-6d4c-4090-ac86-144171bf9921,ocd-vote/e7f883b8-5134-4061-a2a8-0234486ea933,no,0
5b3ad938-4bb3-42ff-bbe1-c2721ea55cf8,ocd-vote/e7f883b8-5134-4061-a2a8-0234486ea933,yes,413
dcf186e4-05f0-4949-95df-06c85be9c1fc,ocd-vote/97df062d-9f40-41fc-bb6b-fe2d937d8238,abstain,0
a0fd2772-5713-42e2-b312-e4feccee4fd1,ocd-vote/97df062d-9f40-41fc-bb6b-fe2d937d8238,not voting,17
94615116-87c2-44b4-a40f-0fd04c50ecb1,ocd-vote/97df062d-9f40-41fc-bb6b-fe2d937d8238,no,0
299bd65a-4d98-4b38-81ec-c01d87273dc0,ocd-vote/97df062d-9f40-41fc-bb6b-fe2d937d8238,yes,416
c12eb74e-a43a-401e-9ed3-3a036366245c,ocd-vote/0e184688-d1a0-42ef-8aa5-4fdfcd3a2211,abstain,0
8db84bf8-3d06-4d6e-a041-61bb662c14bd,ocd-vote/0e184688-d1a0-42ef-8aa5-4fdfcd3a2211,not voting,14
58e65fdb-3430-470d-8ef1-5fd3d5f256d9,ocd-vote/0e184688-d1a0-42ef-8aa5-4fdfcd3a2211,no,156
6642c82a-8deb-414e-aa16-62eaf39d4c00,ocd-vote/0e184688-d1a0-42ef-8aa5-4fdfcd3a2211,yes,263
e7258a4f-9244-4749-9f26-087c43542f89,ocd-vote/ee598436-b165-4586-9e14-aca1ae4fe9f2,abstain,0
f9132aaf-3f94-40c0-bf36-4edc04a8faa6,ocd-vote/ee598436-b165-4586-9e14-aca1ae4fe9f2,absent,1
2d8558c4-15bf-440a-a5f5-2f2337692419,ocd-vote/ee598436-b165-4586-9e14-aca1ae4fe9f2,no,47
f57c27d6-4284-4e11-bb1e-6d251ad80761,ocd-vote/ee598436-b165-4586-9e14-aca1ae4fe9f2,yes,52
b89c57f1-47d5-4e43-b1f0-f2faf793f2bf,ocd-vote/38495c94-3f82-4328-bcad-b689ad364771,abstain,0
b0e0e4ee-d020-4028-8ede-babec4bc3bc6,ocd-vote/38495c94-3f82-4328-bcad-b689ad364771,not voting,12
e052f7ad-8c1d-4340-bbbf-5a293a1066de,ocd-vote/38495c94-3f82-4328-bcad-b689ad364771,no,216
c474ba8b-6c9e-496e-a267-052f7dfc8f6a,ocd-vote/38495c94-3f82-4328-bcad-b689ad364771,yes,205
eebe07ac-84af-4ee3-b9b3-7787845877fc,ocd-vote/bfc73532-624b-4ba6-b619-9a8d2c7013f0,abstain,1
559fd2bd-ce23-48e1-b80e-5c9048456feb,ocd-vote/bfc73532-624b-4ba6-b619-9a8d2c7013f0,not voting,11
09a5c879-2cd9-412c-bb8e-f0a973974d65,ocd-vote/bfc73532-624b-4ba6-b619-9a8d2c7013f0,no,204
bb9a73d7-467a-4dee-98b9-831731092ddf,ocd-vote/bfc73532-624b-4ba6-b619-9a8d2c7013f0,yes,217
937ebc09-586f-4053-b0fe-2c630582db7d,ocd-vote/557a84e8-d676-48bf-b949-153a6a71dcf3,abstain,0
9db48a73-3be1-4cb4-a0aa-3487ba84ae80,ocd-vote/557a84e8-d676-48bf-b949-153a6a71dcf3,not voting,11
e85ee2ed-73b1-45dc-b0df-594e0f2b0116,ocd-vote/557a84e8-d676-48bf-b949-153a6a71dcf3,no,62
45972ac2-e12a-4bff-8241-8e6b88aa9fe9,ocd-vote/557a84e8-d676-48bf-b949-153a6a71dcf3,yes,359
32ab3d53-1045-48cc-b971-17ba2b001d25,ocd-vote/7acb646c-7e45-4053-a088-771b5924c36e,abstain,0
7255883a-d93a-491a-badd-c81d987e60bb,ocd-vote/7acb646c-7e45-4053-a088-771b5924c36e,not voting,13
9899e70e-7b0c-490f-ba26-e2f984bf4fb3,ocd-vote/7acb646c-7e45-4053-a088-771b5924c36e,no,141
26a3855b-f71f-4b19-8033-a6cfd5fa7b0f,ocd-vote/7acb646c-7e45-4053-a088-771b5924c36e,yes,279
5ef4d83a-1a1e-4057-ab06-a9fecf098bea,ocd-vote/4ac36580-dd3f-4326-a653-42a51110256e,abstain,0
98d45086-0b8f-4274-a542-9833f2ae6dae,ocd-vote/4ac36580-dd3f-4326-a653-42a51110256e,not voting,15
afcc355c-96be-4666-a1f7-7cd6352ed9e1,ocd-vote/4ac36580-dd3f-4326-a653-42a51110256e,no,204
045787aa-4f01-48bb-a720-eecdcd7a501f,ocd-vote/4ac36580-dd3f-4326-a653-42a51110256e,yes,214
5e450a40-254a-4c62-8b50-97015826922e,ocd-vote/5c310d59-f321-4500-9587-1bad2966ebf2,abstain,0
3f8ade6b-6221-4d9d-875e-021391b59bbc,ocd-vote/5c310d59-f321-4500-9587-1bad2966ebf2,not voting,16
8869cb4e-b23c-4799-86bc-2834c5be6d19,ocd-vote/5c310d59-f321-4500-9587-1bad2966ebf2,no,204
918b73e9-62bf-4ebe-b05b-60a308b3caa6,ocd-vote/5c310d59-f321-4500-9587-1bad2966ebf2,yes,213
c3f14927-2757-4ee0-a5cd-bdcebcaa2a5d,ocd-vote/3f8c6985-c618-41e3-b076-aa9d9a2d0604,abstain,0
fd405c01-b425-4cd3-aa6d-162dbe74fdb1,ocd-vote/3f8c6985-c618-41e3-b076-aa9d9a2d0604,absent,1
82589839-833f-4b68-b6fc-7164ef4f6955,ocd-vote/3f8c6985-c618-41e3-b076-aa9d9a2d0604,no,45
eea48dd7-f267-45a5-956b-bf7f42e315d5,ocd-vote/3f8c6985-c618-41e3-b076-aa9d9a2d0604,yes,54
247862c7-d8b7-42b5-aed8-f3f85921a982,ocd-vote/364666d0-1eb2-46a2-aee0-70429589a03e,abstain,0
7dc1db62-c4d7-4634-bb09-0eeaa3de3cf9,ocd-vote/364666d0-1eb2-46a2-aee0-70429589a03e,absent,3
6268c2ca-44a5-4176-bccc-92a6234cb10e,ocd-vote/364666d0-1eb2-46a2-aee0-70429589a03e,no,47
cc101be0-4879-4612-b309-997ade2a1ba5,ocd-vote/364666d0-1eb2-46a2-aee0-70429589a03e,yes,50
51d04b41-0dcc-4ad7-9323-c7dfea70205f,ocd-vote/10729a63-604f-420a-82d3-9db09e69a829,abstain,0
2ef32825-0cab-43e7-b2c6-dc553e657fc9,ocd-vote/10729a63-604f-420a-82d3-9db09e69a829,absent,0
1aba843f-6a64-4c95-967b-8c375ed81112,ocd-vote/10729a63-604f-420a-82d3-9db09e69a829,no,46
b45b8b38-84df-447b-9f53-55f358aea082,ocd-vote/10729a63-604f-420a-82d3-9db09e69a829,yes,54
42dba0e5-6b02-4eb5-851a-540153fb6dcb,ocd-vote/d50dfbc7-800e-4d4c-a4b6-b1df6a6746c1,abstain,0
f3833e52-f7b9-4e24-b40f-2920651df6fe,ocd-vote/d50dfbc7-800e-4d4c-a4b6-b1df6a6746c1,absent,0
cfc52fa4-f3c9-4a8f-930b-4c5533d4aa0d,ocd-vote/d50dfbc7-800e-4d4c-a4b6-b1df6a6746c1,no,16
a3684606-1046-4f66-a265-1496d7d48ac8,ocd-vote/d50dfbc7-800e-4d4c-a4b6-b1df6a6746c1,yes,84
a6d59e71-c3ff-450d-afb2-ad9078a77330,ocd-vote/f2a2ffd7-0cb4-4ae7-9422-e25491cb9d74,abstain,0
7ca28d66-d64d-4c29-bd69-a3fd3b96c457,ocd-vote/f2a2ffd7-0cb4-4ae7-9422-e25491cb9d74,absent,0
de5b3281-a6f6-428a-b74b-219327c5aaf1,ocd-vote/f2a2ffd7-0cb4-4ae7-9422-e25491cb9d74,no,38
88e7d5ca-2f60-461c-8799-5abd03c6725f,ocd-vote/f2a2ffd7-0cb4-4ae7-9422-e25491cb9d74,yes,62
333bbec1-b4e9-4905-b1b7-db857d9440ff,ocd-vote/efedf08b-2d98-447b-ad4f-f55224dc434a,abstain,0
32183a5a-26f3-40ff-b30f-5c2b49e46287,ocd-vote/efedf08b-2d98-447b-ad4f-f55224dc434a,absent,0
6b2c829f-db85-4829-80c9-4ca69e94e559,ocd-vote/efedf08b-2d98-447b-ad4f-f55224dc434a,no,48
051dcb3b-d44a-4229-b8f2-eb396bd66974,ocd-vote/efedf08b-2d98-447b-ad4f-f55224dc434a,yes,52
84128958-a363-4260-8849-a8d05b4286c2,ocd-vote/91c979a0-e74e-404e-89ab-696c557c2871,abstain,0
b1b1ed2e-50bf-456f-8666-29bafea4318b,ocd-vote/91c979a0-e74e-404e-89ab-696c557c2871,absent,4
81680833-fed9-4e7a-a7eb-02cd3ecbd255,ocd-vote/91c979a0-e74e-404e-89ab-696c557c2871,no,45
9967a41f-3252-444e-9d0a-fa9fdf3ae1f0,ocd-vote/91c979a0-e74e-404e-89ab-696c557c2871,yes,51
c51bf3c8-bc54-4e1e-82c6-970d15e1578f,ocd-vote/c9d0f5eb-c9b3-4f97-9d29-be10c825686e,abstain,0
83710de7-affd-418b-91bd-fac56f057cc1,ocd-vote/c9d0f5eb-c9b3-4f97-9d29-be10c825686e,not voting,29
8c078852-401b-4a40-9dc1-2b418a7973b2,ocd-vote/c9d0f5eb-c9b3-4f97-9d29-be10c825686e,no,1
9412941c-b0c9-43fb-b554-171a7cf4e8d5,ocd-vote/c9d0f5eb-c9b3-4f97-9d29-be10c825686e,yes,402
7397e138-ab00-4f9b-8877-b8f3ab9dde9d,ocd-vote/5fdcd70b-c1a1-45e5-9021-2a97c77d46d9,abstain,0
a0227146-33d7-488c-9b30-ae6ffb1b4be4,ocd-vote/5fdcd70b-c1a1-45e5-9021-2a97c77d46d9,not voting,21
8b5fa919-3b7b-4a30-84b4-35737865778d,ocd-vote/5fdcd70b-c1a1-45e5-9021-2a97c77d46d9,no,1
9f96d2a5-4473-46bf-9cde-4c66cf985436,ocd-vote/5fdcd70b-c1a1-45e5-9021-2a97c77d46d9,yes,410
73123c6c-c15d-4c6f-9e9a-72e20ef27b72,ocd-vote/2525528c-c366-4a8e-84be-f79c873154f0,abstain,0
7a28d074-28d6-4fbe-8f98-ec5e97a852c3,ocd-vote/2525528c-c366-4a8e-84be-f79c873154f0,not voting,17
522d1655-3ea0-473a-ac94-9886e9f8a918,ocd-vote/2525528c-c366-4a8e-84be-f79c873154f0,no,9
976ef977-d8c4-4dc2-8e65-abd8678ff6d2,ocd-vote/2525528c-c366-4a8e-84be-f79c873154f0,yes,406
0109d93c-d854-45cd-89dd-dc6b733d5d5d,ocd-vote/8ce23d37-fe8c-49e4-8d6d-2d00d24a0da6,abstain,0
5ae4aa22-127a-41e4-9598-18e4fba9e7fd,ocd-vote/8ce23d37-fe8c-49e4-8d6d-2d00d24a0da6,not voting,23
4b8b205f-1559-40cd-8bc9-9caf26756370,ocd-vote/8ce23d37-fe8c-49e4-8d6d-2d00d24a0da6,no,25
4c77948c-02a1-4bdf-a8b2-352e1369ab65,ocd-vote/8ce23d37-fe8c-49e4-8d6d-2d00d24a0da6,yes,384
e022c3d5-af82-48b2-85ab-b413de54c3de,ocd-vote/4f6eb293-320b-41df-8bf4-e0022d76bd7f,abstain,0
4942d35f-9f2e-4f06-b43d-05c32ad80a58,ocd-vote/4f6eb293-320b-41df-8bf4-e0022d76bd7f,not voting,27
4e98d111-75fa-4be3-8355-40b89cae37f0,ocd-vote/4f6eb293-320b-41df-8bf4-e0022d76bd7f,no,0
bc8a24c7-de4a-4458-abad-2448db204535,ocd-vote/4f6eb293-320b-41df-8bf4-e0022d76bd7f,yes,405
3a7c8eef-bfaf-48be-91b2-7bd1c56dce92,ocd-vote/86e9b84a-b656-42be-bff0-969c33bf3920,abstain,0
36685966-06ed-4c7e-bd7c-9a57015e255f,ocd-vote/86e9b84a-b656-42be-bff0-969c33bf3920,not voting,21
bb77679b-9fd7-40b5-b66f-b0df1f1b0b14,ocd-vote/86e9b84a-b656-42be-bff0-969c33bf3920,no,15
6ebd3c9b-d672-44c9-b788-205e5988b9b4,ocd-vote/86e9b84a-b656-42be-bff0-969c33bf3920,yes,396
f6cda6e2-82ad-4c85-8311-a22a90381b60,ocd-vote/58c6f573-b12f-4031-b001-34c902eeedd9,abstain,0
579f6009-f6b7-4c24-940d-528f400ab7dc,ocd-vote/58c6f573-b12f-4031-b001-34c902eeedd9,not voting,26
85ce392a-d2f7-45fc-bbf2-c0690195b9c4,ocd-vote/58c6f573-b12f-4031-b001-34c902eeedd9,no,0
d4fbd000-2385-4a4a-9370-0b3a19891c10,ocd-vote/58c6f573-b12f-4031-b001-34c902eeedd9,yes,405
4b0f80fd-36d6-4643-bb25-3cdcbb9c40ab,ocd-vote/8b1fdfc2-f6c7-40f7-8f02-4f0883d8e388,abstain,0
e9a4d5cf-ad16-4ac0-846b-ecfddabdb6cf,ocd-vote/8b1fdfc2-f6c7-40f7-8f02-4f0883d8e388,not voting,24
820bdedd-2763-4bec-b7fe-9db930ab7628,ocd-vote/8b1fdfc2-f6c7-40f7-8f02-4f0883d8e388,no,35
1c7200f0-64f1-443b-8a08-ecd6f661eb3a,ocd-vote/8b1fdfc2-f6c7-40f7-8f02-4f0883d8e388,yes,372
e42f70c9-bd86-4f01-9abb-e95735ea4181,ocd-vote/8d8e088a-5567-4164-a5a7-0fe65d3e2097,abstain,0
cf163c50-5fdc-4caa-84e4-da7ad4c1c4a1,ocd-vote/8d8e088a-5567-4164-a5a7-0fe65d3e2097,not voting,3
dfdecf6b-c69b-4711-8bff-7db0ce2859f0,ocd-vote/8d8e088a-5567-4164-a5a7-0fe65d3e2097,no,3
11125115-3ceb-4bdd-b8c4-a57e6d21f66c,ocd-vote/8d8e088a-5567-4164-a5a7-0fe65d3e2097,yes,427
2691ecd9-4b66-4c35-b95d-ba13758e8546,ocd-vote/81abfecb-9bf9-46cb-9a8a-b5dc000da785,abstain,0
be8aea24-db9e-41f9-b48b-f8fe66e7a6e2,ocd-vote/81abfecb-9bf9-46cb-9a8a-b5dc000da785,not voting,10
f27b06ce-8b46-471c-8415-fd05dd40e292,ocd-vote/81abfecb-9bf9-46cb-9a8a-b5dc000da785,no,8
defff12f-8da9-4411-84bc-00b4b8855c52,ocd-vote/81abfecb-9bf9-46cb-9a8a-b5dc000da785,yes,415
bd04b4ac-96a5-4c7e-b59f-1b26d6d30928,ocd-vote/efefd897-6008-44c0-b488-5cb933f66efb,abstain,0
26319a1c-980b-4e90-9918-7b7035ce421b,ocd-vote/efefd897-6008-44c0-b488-5cb933f66efb,not voting,5
5893530a-a2d6-4fcd-8217-c4e94d53ec3d,ocd-vote/efefd897-6008-44c0-b488-5cb933f66efb,no,211
29f301c0-1eb8-46f8-92eb-4a0988a5ea25,ocd-vote/efefd897-6008-44c0-b488-5cb933f66efb,yes,217
d8db57c8-dc23-4ca1-a21d-a50dcf51c65e,ocd-vote/b3148e59-f6eb-4142-acaf-eb1746555e93,abstain,0
3256325a-f560-4607-8269-87aa8564092a,ocd-vote/b3148e59-f6eb-4142-acaf-eb1746555e93,not voting,7
619283b2-2247-4bbc-a67a-8ea7ec3f31b3,ocd-vote/b3148e59-f6eb-4142-acaf-eb1746555e93,no,210
8340792c-bdb1-4937-8549-8c3bf2f50354,ocd-vote/b3148e59-f6eb-4142-acaf-eb1746555e93,yes,216
76b4a2cd-c284-44ad-a9ee-721864f4b3d5,ocd-vote/805250cc-a5d4-485b-bdfd-9a0b8f1d4350,abstain,0
71643f86-0e39-474d-9699-35dde47454e6,ocd-vote/805250cc-a5d4-485b-bdfd-9a0b8f1d4350,not voting,1
4c1e6de7-61f4-43d8-9f43-37e0d76f603d,ocd-vote/805250cc-a5d4-485b-bdfd-9a0b8f1d4350,no,215
0b52e9cf-7c9d-4f3c-afe0-681a10a4a919,ocd-vote/805250cc-a5d4-485b-bdfd-9a0b8f1d4350,yes,217
a24f046b-6c29-4b2c-9f7a-8626e20ca5ef,ocd-vote/7f8e566e-6339-4b9f-825d-5236acded3a8,abstain,0
92db00e0-5806-4280-a4db-43c6e69f421f,ocd-vote/7f8e566e-6339-4b9f-825d-5236acded3a8,absent,4
01fb1386-7038-4841-91dd-186391ee2827,ocd-vote/7f8e566e-6339-4b9f-825d-5236acded3a8,no,42
a47b934b-f5e8-49b3-b735-73814f91b900,ocd-vote/7f8e566e-6339-4b9f-825d-5236acded3a8,yes,54
2c19d11d-3c80-47f7-95ab-32b6cf97dad9,ocd-vote/21945963-b124-419d-b588-d2ccda2016da,abstain,0
1813beee-4253-4540-bbec-8f115bc89da9,ocd-vote/21945963-b124-419d-b588-d2ccda2016da,absent,2
6d6d5d8b-02c7-4d46-9048-a8526da2c9cf,ocd-vote/21945963-b124-419d-b588-d2ccda2016da,no,44
263bdefd-cde1-4a11-9a86-34ee011ddf23,ocd-vote/21945963-b124-419d-b588-d2ccda2016da,yes,54
b1430ce4-e76c-4c4c-95f4-a8ab2904adf7,ocd-vote/221e6cec-b296-4ce7-b29b-f27c39c9a2ed,abstain,0
e677d149-6a97-441e-86ae-84e39ee42670,ocd-vote/221e6cec-b296-4ce7-b29b-f27c39c9a2ed,not voting,45
d601655a-c1f9-4876-a03e-502398dd621b,ocd-vote/221e6cec-b296-4ce7-b29b-f27c39c9a2ed,no,0
c9ee5db6-c325-4cdb-b683-786a6abae361,ocd-vote/221e6cec-b296-4ce7-b29b-f27c39c9a2ed,yes,385
e4335e3e-5568-44df-bd57-6bd624f3789a,ocd-vote/2e6a6164-52e9-4c67-93ce-db9bd8ee5681,abstain,0
1662a8e8-c7e4-4c5d-a8d6-1998310cbacd,ocd-vote/2e6a6164-52e9-4c67-93ce-db9bd8ee5681,not voting,42
9f7daf76-92db-4023-aaa4-df3cf516946c,ocd-vote/2e6a6164-52e9-4c67-93ce-db9bd8ee5681,no,0
46151b31-3dae-432b-9c8e-92066e8795e1,ocd-vote/2e6a6164-52e9-4c67-93ce-db9bd8ee5681,yes,388
8e6aa78a-5c0d-450f-8e15-74033cc1e214,ocd-vote/9912d230-fe00-4c69-bfdb-98708ab2a1fb,abstain,0
a8a756ef-0a46-477e-b027-358b680387e6,ocd-vote/9912d230-fe00-4c69-bfdb-98708ab2a1fb,not voting,10
a28e7e47-8618-4464-9b00-74be14b3a51c,ocd-vote/9912d230-fe00-4c69-bfdb-98708ab2a1fb,no,127
6cadba4c-296b-4cb2-9ab9-694b6c8838d4,ocd-vote/9912d230-fe00-4c69-bfdb-98708ab2a1fb,yes,295
9876b346-b1b9-44a1-a208-46dbf808cd81,ocd-vote/4b868bfc-2acc-4717-8211-8224d81816dc,abstain,0
ba7b93e9-c926-4498-a997-47224493983e,ocd-vote/4b868bfc-2acc-4717-8211-8224d81816dc,not voting,3
3f242fd1-0be4-46ff-a3eb-99f225f3c988,ocd-vote/4b868bfc-2acc-4717-8211-8224d81816dc,no,216
b58410f5-6d22-4f10-91c4-f88e986f75cb,ocd-vote/4b868bfc-2acc-4717-8211-8224d81816dc,yes,213
1abc9358-308a-4393-b991-23e82dac88c5,ocd-vote/b59dfe41-9c97-4b05-ace7-498b01854eaa,abstain,0
338fe0e3-ea0d-48e1-b492-8f45c0b9106c,ocd-vote/b59dfe41-9c97-4b05-ace7-498b01854eaa,not voting,2
de5acc89-a9f8-4d59-be29-16dccd11968e,ocd-vote/b59dfe41-9c97-4b05-ace7-498b01854eaa,no,213
f19902be-7a37-4338-bdbe-ecc58803b1c6,ocd-vote/b59dfe41-9c97-4b05-ace7-498b01854eaa,yes,217
6c4bd76b-ea54-4cb6-b0da-a751938c7cc7,ocd-vote/ca5f344e-dc92-43ce-ba11-76b6c3d7d303,abstain,0
cd1cba12-df06-4682-a389-5f05cd24cb6b,ocd-vote/ca5f344e-dc92-43ce-ba11-76b6c3d7d303,not voting,4
03c18ee8-aa81-4d1c-be46-f35198ce6884,ocd-vote/ca5f344e-dc92-43ce-ba11-76b6c3d7d303,no,212
22493369-08f4-4692-9c05-70b52f2b7939,ocd-vote/ca5f344e-dc92-43ce-ba11-76b6c3d7d303,yes,216
f2767dda-8a53-41ab-be5e-ae9860871ac8,ocd-vote/27cfb8f5-70e2-44ed-901b-5edbe3e73659,abstain,0
6b4450ec-00aa-4c95-a184-a37bbf6acc2c,ocd-vote/27cfb8f5-70e2-44ed-901b-5edbe3e73659,not voting,2
4d3a4961-7491-4ef2-8891-a472b5081cc0,ocd-vote/27cfb8f5-70e2-44ed-901b-5edbe3e73659,no,214
733e9428-f3fe-439b-88e9-30420398d68c,ocd-vote/27cfb8f5-70e2-44ed-901b-5edbe3e73659,yes,216
72c561e8-fce3-4dff-92c1-1e5b47657225,ocd-vote/e205a38e-4120-44d8-925d-578bd7743115,abstain,0
c4ea63cb-d748-4357-9125-9b04c9490f37,ocd-vote/e205a38e-4120-44d8-925d-578bd7743115,not voting,9
3c70cb6b-be95-4b1d-9393-d8bfffd7d8e0,ocd-vote/e205a38e-4120-44d8-925d-578bd7743115,no,0
7a8de3bf-06f9-4c9c-8571-91d51b3d4fe0,ocd-vote/e205a38e-4120-44d8-925d-578bd7743115,yes,424
cb13f325-87ad-4dd0-a29b-5fe525f486f3,ocd-vote/bf851fab-790e-4411-8880-b1ed034e10d3,abstain,0
ae473a5b-60f8-4a36-844c-e76f1ab91ad9,ocd-vote/bf851fab-790e-4411-8880-b1ed034e10d3,absent,1
6b098c18-64d8-482f-9c15-1a4a63d2177f,ocd-vote/bf851fab-790e-4411-8880-b1ed034e10d3,no,47
cbf2df42-27ea-49c8-b8ec-854bccb57129,ocd-vote/bf851fab-790e-4411-8880-b1ed034e10d3,yes,52
8ce72723-e73d-49db-a88c-4de4d895ff49,ocd-vote/b2548f61-ead3-4cfb-8f37-13e505478f35,abstain,0
30395a91-7d50-4961-a143-ac49822d6fd2,ocd-vote/b2548f61-ead3-4cfb-8f37-13e505478f35,absent,1
4821e812-7c57-4c42-8444-27d0530b2781,ocd-vote/b2548f61-ead3-4cfb-8f37-13e505478f35,no,52
787facf7-3f2e-4e5b-b4c4-29bc860c7d4d,ocd-vote/b2548f61-ead3-4cfb-8f37-13e505478f35,yes,47
7abe700b-b3d7-423b-a110-6f341e66a5e4,ocd-vote/ec702d7e-9d48-410f-ac9c-f8ef45b8f161,abstain,0
7f84397e-47c8-4bf2-af22-88d84038dad0,ocd-vote/ec702d7e-9d48-410f-ac9c-f8ef45b8f161,absent,1
aef649f6-b67d-4c02-8e2e-5441556a1863,ocd-vote/ec702d7e-9d48-410f-ac9c-f8ef45b8f161,no,47
75aa4bc9-e6e6-468a-bfb7-4528287f9235,ocd-vote/ec702d7e-9d48-410f-ac9c-f8ef45b8f161,yes,52
7528d128-8bcb-4055-a9c9-e844c093c11b,ocd-vote/ea34e7a1-1ff9-4fd2-b97f-b38686c90174,abstain,0
70d5f65d-4657-4c55-9196-65e7962b5dbe,ocd-vote/ea34e7a1-1ff9-4fd2-b97f-b38686c90174,not voting,10
04574a09-44f5-403e-835e-037dd000e483,ocd-vote/ea34e7a1-1ff9-4fd2-b97f-b38686c90174,no,207
bf2cc2c9-a268-4665-ad92-43dd567e7ac6,ocd-vote/ea34e7a1-1ff9-4fd2-b97f-b38686c90174,yes,214
3ac29f24-f1bc-4068-86c5-9a5afe87fe36,ocd-vote/0e4a1698-3068-4bbf-a0fe-2b0c8a5cf264,abstain,0
464d3be8-ffaf-496a-b745-02959d5c7e80,ocd-vote/0e4a1698-3068-4bbf-a0fe-2b0c8a5cf264,not voting,8
475de274-a740-4c85-998c-dcab2b2a9802,ocd-vote/0e4a1698-3068-4bbf-a0fe-2b0c8a5cf264,no,73
4052941c-e16f-464d-aa1b-981867a56ba6,ocd-vote/0e4a1698-3068-4bbf-a0fe-2b0c8a5cf264,yes,350
3c791671-0567-4892-be3e-7bcfe876e8ad,ocd-vote/4669c4e6-1154-4319-a89b-1c672d7b556b,abstain,0
24a9e681-77e0-4d15-9ffd-f01934eed252,ocd-vote/4669c4e6-1154-4319-a89b-1c672d7b556b,not voting,8
7d892ec8-7b97-4abf-b380-90645e0639e0,ocd-vote/4669c4e6-1154-4319-a89b-1c672d7b556b,no,208
85d476a6-e82b-47d9-a4a2-a618ce2be782,ocd-vote/4669c4e6-1154-4319-a89b-1c672d7b556b,yes,215
adc1e370-8514-48dc-8f99-33a801a64b0a,ocd-vote/79f01aca-987d-4c1e-a411-391cd8f24e06,abstain,0
9ef3af20-34bc-4ffb-8dd1-1ed4c181ffc6,ocd-vote/79f01aca-987d-4c1e-a411-391cd8f24e06,absent,1
4058b929-e700-457d-a6fe-bf9890854d14,ocd-vote/79f01aca-987d-4c1e-a411-391cd8f24e06,no,15
ceca4d90-4119-47b6-9326-769e181f1c90,ocd-vote/79f01aca-987d-4c1e-a411-391cd8f24e06,yes,84
75ffbead-1d7e-4933-b027-1f78f1162122,ocd-vote/d9c86561-a4f4-45c8-8efe-fd8d85552728,abstain,0
a66ee88b-12d4-4620-959d-88e779ba9d8f,ocd-vote/d9c86561-a4f4-45c8-8efe-fd8d85552728,not voting,3
9739e9f1-3148-41b7-99dd-ee575691aac8,ocd-vote/d9c86561-a4f4-45c8-8efe-fd8d85552728,no,213
ee260ba2-a8ba-40d8-9f7e-17407665e6ba,ocd-vote/d9c86561-a4f4-45c8-8efe-fd8d85552728,yes,215
8c2d4d37-710d-4e45-8518-d77393a93b8f,ocd-vote/9ccb7e4d-c5e3-459f-a832-05e44e6110cc,abstain,0
a1a288ae-0406-4ed4-a433-1b3a7e422e53,ocd-vote/9ccb7e4d-c5e3-459f-a832-05e44e6110cc,not voting,8
307b1309-dc2f-4280-b1b7-dfa51fc90fba,ocd-vote/9ccb7e4d-c5e3-459f-a832-05e44e6110cc,no,0
35f8d336-11da-42a3-994d-2f702431ebb4,ocd-vote/9ccb7e4d-c5e3-459f-a832-05e44e6110cc,yes,423
1dee1921-737d-4554-94a2-d082ece735f3,ocd-vote/521d4b9b-f73b-4fa0-a83b-431487a33a27,abstain,0
ad25592e-ff52-4f31-907f-43c6e04c8611,ocd-vote/521d4b9b-f73b-4fa0-a83b-431487a33a27,not voting,3
d32ff320-d9a3-4372-85d2-742f03148cf0,ocd-vote/521d4b9b-f73b-4fa0-a83b-431487a33a27,no,222
9dce39a9-8ada-4a85-92f6-bd508cab3f9d,ocd-vote/521d4b9b-f73b-4fa0-a83b-431487a33a27,yes,206
3c837856-3034-4a11-8c1b-c7d7999c9c12,ocd-vote/41b13af5-45ad-44f0-946f-062b52b5a2af,abstain,0
c5ae42d2-a703-4d14-8b88-f7dc32645c44,ocd-vote/41b13af5-45ad-44f0-946f-062b52b5a2af,not voting,21
dcfd8f8a-dc6c-4db9-8697-b94b0112d650,ocd-vote/41b13af5-45ad-44f0-946f-062b52b5a2af,no,0
4fbe8fd5-68a1-4b06-97d1-6233b707efc4,ocd-vote/41b13af5-45ad-44f0-946f-062b52b5a2af,yes,412
3f1b75c7-dbdf-4e3f-ae23-9ce8afaeac12,ocd-vote/ed08e37c-dc2c-4a99-a8cb-844fec80bb3a,abstain,0
e40dfe26-dfc0-4ad5-a7aa-e9b4eef7f332,ocd-vote/ed08e37c-dc2c-4a99-a8cb-844fec80bb3a,not voting,22
aa029ef3-b003-4378-a733-0f3963c343b3,ocd-vote/ed08e37c-dc2c-4a99-a8cb-844fec80bb3a,no,0
dc903354-b8be-4512-87be-f61e33a5d74d,ocd-vote/ed08e37c-dc2c-4a99-a8cb-844fec80bb3a,yes,411
de408c7f-5db7-4407-8e9c-de8f43fc1a85,ocd-vote/9f1ef951-54b6-4c7c-b0fb-b877e1581929,abstain,0
659681ea-527c-4446-857f-e353f31fa94e,ocd-vote/9f1ef951-54b6-4c7c-b0fb-b877e1581929,not voting,15
8c803059-3605-4daa-b50c-1ece9c15da77,ocd-vote/9f1ef951-54b6-4c7c-b0fb-b877e1581929,no,16
d6560abc-25c2-4d02-b71b-d7ea13d0f143,ocd-vote/9f1ef951-54b6-4c7c-b0fb-b877e1581929,yes,402
93a9437e-6b2a-4009-b13c-0ac878a5fd48,ocd-vote/8e7aa670-1341-4bc5-9696-e362f40e3823,abstain,0
2e2683ca-43cd-4ca3-9d98-2b871bbb3a6e,ocd-vote/8e7aa670-1341-4bc5-9696-e362f40e3823,not voting,16
f2b93e82-948b-47d8-a68c-61fdd9c58ada,ocd-vote/8e7aa670-1341-4bc5-9696-e362f40e3823,no,0
d0bff1d1-fa69-4a0b-b773-da72eaffb055,ocd-vote/8e7aa670-1341-4bc5-9696-e362f40e3823,yes,417
05009444-8a6b-4576-bb52-3040fdff0db5,ocd-vote/477575e3-e98c-4494-add2-0edf45d96f90,abstain,0
d9534974-88cf-4a9d-b768-c7cae7134cd3,ocd-vote/477575e3-e98c-4494-add2-0edf45d96f90,not voting,9
5ba9a75e-a0d3-4b75-aa56-3d76ab31e774,ocd-vote/477575e3-e98c-4494-add2-0edf45d96f90,no,211
82cc104f-be40-4ca9-8792-e1df68a182ca,ocd-vote/477575e3-e98c-4494-add2-0edf45d96f90,yes,213
b80cbb6b-98f9-4767-8395-95ee0d2d9dd0,ocd-vote/7443cfab-6434-40a4-958e-c0e14662cd1e,abstain,0
38d14e2a-5d21-4b29-ad9c-a377457fbac3,ocd-vote/7443cfab-6434-40a4-958e-c0e14662cd1e,not voting,9
7701694b-6f31-4880-9280-43774b839f36,ocd-vote/7443cfab-6434-40a4-958e-c0e14662cd1e,no,211
921f91ab-1472-47c3-9730-b18bc1b33c51,ocd-vote/7443cfab-6434-40a4-958e-c0e14662cd1e,yes,213
e55c2715-9012-4226-99ae-73ead5294fb4,ocd-vote/e0143e3c-cc63-4580-a724-c1ae36f028d2,abstain,0
3d300392-2187-42f0-a61a-abacb72358d6,ocd-vote/e0143e3c-cc63-4580-a724-c1ae36f028d2,absent,2
3c52ac53-f6c6-4aa3-8212-c038131727fd,ocd-vote/e0143e3c-cc63-4580-a724-c1ae36f028d2,no,28
aaee93e5-e1e1-4001-885d-d00a701ebcd9,ocd-vote/e0143e3c-cc63-4580-a724-c1ae36f028d2,yes,70
3f8c349d-0943-421b-a322-ee35fb2fb7d6,ocd-vote/90a0c581-ec70-4b3a-b8ea-bf564042bec2,abstain,0
6fa05700-b6d7-4c88-afb9-64dc37516723,ocd-vote/90a0c581-ec70-4b3a-b8ea-bf564042bec2,absent,1
96452289-76aa-452c-80ae-9b7ded224398,ocd-vote/90a0c581-ec70-4b3a-b8ea-bf564042bec2,no,47
96028f25-a619-4aba-a54f-8a3c4e4bbaf1,ocd-vote/90a0c581-ec70-4b3a-b8ea-bf564042bec2,yes,52
cb0278ef-9116-463b-9c94-934a5764a237,ocd-vote/e1513288-b6f6-455f-9320-2682f14fe01c,abstain,0
cccd5fe6-2ba9-4bd9-828f-cef03d1fe70e,ocd-vote/e1513288-b6f6-455f-9320-2682f14fe01c,absent,2
ed6437fb-df94-42a2-ba3c-7f263333ea26,ocd-vote/e1513288-b6f6-455f-9320-2682f14fe01c,no,28
b50ea2fd-e7fd-406f-98b7-ced228d8eadb,ocd-vote/e1513288-b6f6-455f-9320-2682f14fe01c,yes,70
e4333b35-f42d-45e7-854c-23f1b65e32d4,ocd-vote/36a85bec-d415-4a43-8f46-330d77e48570,abstain,0
bd4070d4-80f1-4a31-8a8a-3b2530492e87,ocd-vote/36a85bec-d415-4a43-8f46-330d77e48570,absent,3
4da289b2-1670-43a3-bf5f-623aa8b58c13,ocd-vote/36a85bec-d415-4a43-8f46-330d77e48570,no,46
3fad7a54-28de-4292-8da6-f9054dd3ddfe,ocd-vote/36a85bec-d415-4a43-8f46-330d77e48570,yes,51
04524073-7c2d-471d-bee9-9a93945cb1d0,ocd-vote/8cf1823a-a339-4044-9c87-bf1de0bf4d77,abstain,0
5ed63ce7-48ce-4d9d-827b-471706ac8a97,ocd-vote/8cf1823a-a339-4044-9c87-bf1de0bf4d77,absent,1
1b14a4b9-e978-480e-9e39-698c8ea8f620,ocd-vote/8cf1823a-a339-4044-9c87-bf1de0bf4d77,no,48
f1dff5bf-b3e7-4595-82b7-576275b840d6,ocd-vote/8cf1823a-a339-4044-9c87-bf1de0bf4d77,yes,51
d9606fd6-ebf2-442a-9ad3-83ea6aac9a82,ocd-vote/c9cedce7-df67-4ae0-93e3-1debe627e3f8,abstain,0
0891e4f4-a8bc-479d-a10c-9086a2f910f9,ocd-vote/c9cedce7-df67-4ae0-93e3-1debe627e3f8,not voting,2
7866299e-f894-40bd-8286-17386ac97358,ocd-vote/c9cedce7-df67-4ae0-93e3-1debe627e3f8,no,215
7b96dc43-25a8-4e50-ae53-98c0484f38f6,ocd-vote/c9cedce7-df67-4ae0-93e3-1debe627e3f8,yes,216
089b7d0c-d685-4e9b-996e-acbba973d9ac,ocd-vote/24b75bc4-e86c-4547-a63f-00c92a011da8,abstain,0
dba2aa91-81d2-4fa2-ad2e-70baa06d37e2,ocd-vote/24b75bc4-e86c-4547-a63f-00c92a011da8,not voting,1
8361a517-5e7d-4d0e-ad44-0077b192e869,ocd-vote/24b75bc4-e86c-4547-a63f-00c92a011da8,no,213
ab283028-09a7-4079-92d8-46ad481c362c,ocd-vote/24b75bc4-e86c-4547-a63f-00c92a011da8,yes,219
0879c6cc-367d-4693-97b5-22a9e39cbf84,ocd-vote/9058fcdd-d2af-4954-a24a-55f0df377901,abstain,0
6d955141-d739-4fc4-b6da-e519e288807f,ocd-vote/9058fcdd-d2af-4954-a24a-55f0df377901,not voting,3
336709f5-cace-4546-96d0-62424a34a098,ocd-vote/9058fcdd-d2af-4954-a24a-55f0df377901,no,212
88a55334-501d-4a9b-9abd-2b7ab8ce4de6,ocd-vote/9058fcdd-d2af-4954-a24a-55f0df377901,yes,217
00166398-33a4-4a8a-b364-9d7394384105,ocd-vote/add2a4fe-4e4c-4ca5-ad49-bf87c5390930,abstain,0
07580816-6034-4575-be2a-6e9de3f50f95,ocd-vote/add2a4fe-4e4c-4ca5-ad49-bf87c5390930,not voting,9
49af098a-f34f-4a10-b254-569b122ec097,ocd-vote/add2a4fe-4e4c-4ca5-ad49-bf87c5390930,no,0
433442fc-07eb-48da-b3e7-1e22933acff1,ocd-vote/add2a4fe-4e4c-4ca5-ad49-bf87c5390930,yes,424
8451ca09-c0c9-49f7-b774-c7c5e0eb7821,ocd-vote/326ee42f-c0a6-46bf-aa43-c18ddf3f515a,abstain,0
e2629e48-4f90-40f7-a72d-bf2fff6bfeaa,ocd-vote/326ee42f-c0a6-46bf-aa43-c18ddf3f515a,not voting,4
170b6cb9-30f8-4fe2-baa1-ee1d94349713,ocd-vote/326ee42f-c0a6-46bf-aa43-c18ddf3f515a,no,217
1fb2414b-250d-42d9-a6d3-c88c749664e5,ocd-vote/326ee42f-c0a6-46bf-aa43-c18ddf3f515a,yes,212
177ef512-d4fe-4a27-b261-a8a916a1573a,ocd-vote/f5937edf-f74f-42d8-8962-463992b83295,abstain,0
fbb4d09f-d324-496e-8353-99bdcba755fc,ocd-vote/f5937edf-f74f-42d8-8962-463992b83295,absent,6
3ca704d1-279f-4db1-92dc-beef62ba9571,ocd-vote/f5937edf-f74f-42d8-8962-463992b83295,no,42
095b74b3-8219-4d8d-ae54-9fb7ba61ed76,ocd-vote/f5937edf-f74f-42d8-8962-463992b83295,yes,52
