,Name,Chamber,bioguide_id,State,District,Party,A: num_bills_with_cross_party_cosponsors,norm_A,B: num_cross_party_cosponsored_bills,norm_B,C: outcome_bipartisanship,norm_C,D: outcome_bipartisanship_pct,norm_D,E: attack_personal,norm_E,F: attack_personal_pct,norm_F,G: Vote for Cosponsored Bill,norm_G,H: Vote for Other Party,norm_H,party letter,M: 2025 Cook PVI Number,norm_M,N: nominate_dim1,norm_N,score_T,score_S,norm_S,Grade
0,Katie Boyd Britt,Senate,B001319,Alabama,,Republican,5.45,50.03,18.54,50.01,156.0,99.97695216945228,16.386554621848738,95.51833316020614,6.0,71.84800146510678,0.6302521008403361,80.44334759163722,3.0,78.95549716117105,0.0,26.880262246198537,R,14.81,85.08455614512123,0.571,88.53612791354735,456.8086914668712,515.898092593429,80.43293039011078,B
1,Tommy Tuberville,Senate,T000278,Alabama,,Republican,1.0,15.57,8.0,18.58,33.0,38.08619340717676,3.594771241830065,14.875107715373975,19.0,62.74168378600977,2.0697167755991286,73.38967459088809,3.0,78.95549716117105,0.0,26.880262246198537,R,14.81,85.08455614512123,0.936,97.79602130574379,277.1163339700904,314.245091697053,19.661721654952615,C
3,Lisa Murkowski,Senate,M001153,Alaska,,Republican,10.0,84.99,21.0,58.27,16.0,20.349338184641464,6.083650190114068,30.542716030909155,3.0,73.78687810750579,1.1406844106463878,78.08213538623467,3.0,78.95549716117105,0.0,26.880262246198537,R,6.46,36.169821791801546,0.208,65.37835350699454,462.41541450675896,494.2568768616037,74.9707409461151,B
14,Dan Sullivan,Senate,S001198,Alaska,,Republican,13.0,95.72,19.0,51.57,27.0,31.24699174013662,5.544147843942506,26.61892000640229,11.0,68.47076816589363,2.2587268993839835,72.37630506372832,3.0,78.95549716117105,0.0,26.880262246198537,R,6.46,36.169821791801546,0.493,84.82340549058308,475.16109566618564,512.49997896435,79.62653992504485,B
19,Ruben Gallego,Senate,G000574,Arizona,,Democratic,2.0,21.64,21.0,58.27,13.0,17.825654124122998,6.951871657754011,37.3370459363474,14.0,66.365075279786,7.4866310160427805,40.056612050504036,2.0,49.67566025565114,2.0,98.31351234111276,D,0.0,7.6016503810867455,-0.401,16.908741356741817,428.66093465431635,435.54352364849285,56.96202617608922,B
24,Mark Kelly,Senate,K000377,Arizona,,Democratic,5.0,45.95,35.0,91.87,25.0,29.090507753003475,4.789272030651341,21.59269712559466,84.0,17.32132660698048,16.091954022988507,5.00541176742172,2.0,49.67566025565114,2.0,98.31351234111276,D,0.0,7.6016503810867455,-0.217,29.15408518929815,466.5998352573526,476.94840974605427,70.08035925834992,B
27,John Boozman,Senate,B001236,Arkansas,,Republican,2.0,21.64,19.0,51.57,55.0,64.70897720849523,18.39464882943144,98.33038207093699,1.0,75.04034628523107,0.334448160535117,81.73809475134217,3.0,78.95549716117105,0.0,26.880262246198537,R,15.31,86.93957259085377,0.427,81.11716765054538,387.602419967987,437.0210139363345,57.453950569369894,B
39,Tom Cotton,Senate,C001095,Arkansas,,Republican,3.0,28.88,9.0,20.93,21.0,24.999516972585155,8.75,52.47578046655976,21.0,61.25794451276027,8.75,32.408329267044266,3.0,78.95549716117105,0.0,26.880262246198537,R,15.31,86.93957259085377,0.583,89.04432660386263,297.1082689989356,336.1666377896362,25.214023663595043,C
45,Alex Padilla,Senate,P000145,California,,Democratic,11.0,89.68,36.0,93.07,66.0,76.35664095437909,11.978221415607983,77.4385137155064,74.0,22.76261231300922,13.430127041742288,11.244781035269092,0.0,5.111406314983323,0.0,26.880262246198537,D,11.52,68.82224217026204,-0.375,18.40601253467595,425.2812300648998,458.4639036965617,64.42635640375556,B
47,Adam B. Schiff,Senate,S001150,California,,Democratic,0.0,10.75,14.0,35.02,25.0,29.090507753003475,2.9036004645760745,11.70610932501463,171.0,0.41847464247209976,19.860627177700348,1.209346738942385,0.0,5.111406314983323,0.0,26.880262246198537,D,11.52,68.82224217026204,-0.35,19.921054778198666,136.68293280665605,147.4511928046605,1.1635590380657612,F
59,Michael F. Bennet,Senate,B001267,Colorado,,Democratic,5.0,45.95,35.0,91.87,50.0,58.81436273011866,10.2880658436214,65.2267232368462,27.0,56.71547094217488,5.555555555555555,52.415701801178386,1.0,20.578377338260168,1.0,77.44026148862528,D,5.96,33.091221573194005,-0.232,28.020850341820758,475.8621313174139,498.27602132562333,76.04249867640489,B
67,John W. Hickenlooper,Senate,H000273,Colorado,,Democratic,7.0,63.81,35.0,91.87,64.0,74.40688260665222,6.584362139917696,34.39761438978556,17.0,64.20675031486148,1.7489711934156378,75.06516666079865,1.0,20.578377338260168,1.0,77.44026148862528,D,5.96,33.091221573194005,-0.246,26.98279785798161,519.0336899220619,543.21163932755,86.19082761493027,A
69,Richard Blumenthal,Senate,B001277,Connecticut,,Democratic,6.0,55.01,46.0,99.01,59.0,69.18980507892249,7.544757033248081,42.231153850258664,160.0,0.7708178936058685,20.460358056265985,0.9356722090175462,1.0,20.578377338260168,1.0,77.44026148862528,D,8.08,46.67379396943375,-0.438,14.916995033098146,441.106757122899,464.9848766759124,66.46570462173106,B
76,Christopher Murphy,Senate,M001169,Connecticut,,Democratic,0.0,10.75,4.0,10.88,11.0,16.25796641173857,3.4161490683229814,14.005912666377712,52.0,37.524069477356015,16.149068322981368,4.910736204031185,0.0,5.111406314983323,0.0,26.880262246198537,D,8.08,46.67379396943375,-0.272,25.107487458273525,127.66050072483071,135.221517844129,0.8828882232006724,F
85,Lisa Blunt Rochester,Senate,B001303,Delaware,,Democratic,5.45,50.03,13.0,31.94,15.0,19.48535904628688,9.433962264150944,58.26030491059774,5.0,72.50191821081236,3.1446540880503147,67.38982700715653,0.0,5.111406314983323,0.0,26.880262246198537,D,8.01,46.20944274909273,-0.357,19.48945212518084,299.7465895636189,316.51866083678794,20.20064083018878,C
89,Christopher A. Coons,Senate,C001088,Delaware,,Democratic,10.0,84.99,47.0,99.21,32.0,36.9130010731056,9.03954802259887,54.93820376069806,25.0,58.242689940901336,7.062146892655368,42.732239490459754,1.0,20.578377338260168,1.0,77.44026148862528,D,8.01,46.20944274909273,-0.233,27.94606661358453,541.122149924149,573.688220755268,91.10929275698409,A
97,Ashley Moody,Senate,M001244,Florida,,Republican,1.0,15.57,0.0,5.8,42.8,50.0,8.46,50.0,8.46,70.20818225322733,5.93,50.0,2.0,49.67566025565114,0.0,26.880262246198537,R,5.39,29.71710869605092,0.01,48.22750675428802,250.53410673673508,264.02057368111133,10.028953856467899,F
98,Rick Scott,Senate,S001217,Florida,,Republican,9.0,79.06,12.0,28.97,54.0,63.55295270545567,6.428571428571428,33.17828790369223,43.0,44.32894440404793,5.119047619047619,55.220018046478046,6.0,99.94104793865128,0.0,26.880262246198537,R,5.39,29.71710869605092,0.715,93.60232956005575,439.0081922343614,472.6003411459892,68.78698297341792,B
101,Jon Ossoff,Senate,O000174,Georgia,,Democratic,6.0,55.01,17.0,44.82,62.0,72.37638097179835,27.31277533039648,99.99729301032582,6.0,71.84800146510678,2.643171806167401,70.25847858743258,2.0,49.67566025565114,2.0,98.31351234111276,D,0.0,7.6016503810867455,-0.422,15.758221831560531,558.3982427165053,567.0426726205895,90.16708321176792,A
103,Raphael G. Warnock,Senate,W000790,Georgia,,Democratic,1.0,15.57,33.0,89.0,35.0,40.46471101327131,6.591337099811676,34.45259844252235,29.0,55.1781534943094,5.4613935969868175,53.02213455779328,1.0,20.578377338260168,1.0,77.44026148862528,D,0.0,7.6016503810867455,-0.409,16.464237911795127,387.1735328387959,393.3039492511507,42.74067626461912,C
105,Mazie K. Hirono,Senate,H001042,Hawaii,,Democratic,4.0,37.09,24.0,67.84,6.0,12.743212219772172,2.4390243902439024,9.864896644464944,73.0,23.355115023007976,29.67479674796748,0.006096817500589324,0.0,5.111406314983323,0.0,26.880262246198537,D,12.59,74.83954744119818,-0.513,11.37802705674254,223.9571197207228,241.99206429072223,7.12142101040124,F
114,Brian Schatz,Senate,S001194,Hawaii,,Democratic,5.0,45.95,19.0,51.57,54.0,63.55295270545567,8.985024958402663,54.47568007667177,51.0,38.26535018764555,8.48585690515807,33.95948613316682,1.0,20.578377338260168,1.0,77.44026148862528,D,12.59,74.83954744119818,-0.443,14.660378076740333,414.13780460346015,448.16739887395346,61.12262653588816,B
121,Mike Crapo,Senate,C000880,Idaho,,Republican,7.0,63.81,14.0,35.02,60.0,70.26987161101161,14.66992665036675,90.81994661521037,3.0,73.78687810750579,0.7334963325183375,79.97863106835878,3.0,78.95549716117105,0.0,26.880262246198537,R,18.04,94.28662351073395,0.504,85.39058765950351,452.9206672719519,514.9626086779961,80.21289104428386,B
137,James E. Risch,Senate,R000584,Idaho,,Republican,6.0,55.01,15.0,38.21,18.0,22.144363906019287,5.157593123209169,23.973554384360973,1.0,75.04034628523107,0.2865329512893982,81.94266827960703,3.0,78.95549716117105,0.0,26.880262246198537,R,18.04,94.28662351073395,0.549,87.56132032999842,382.63455536485304,435.4638690645503,56.9354740700455,B
145,Tammy Duckworth,Senate,D000622,Illinois,,Democratic,3.0,28.88,25.0,70.82,31.0,35.75187499783156,8.683473389355742,51.9083291199239,102.0,9.812945560222186,28.57142857142857,0.012431762280051828,0.0,5.111406314983323,0.0,26.880262246198537,D,6.34,35.42183048893204,-0.337,20.737718891322643,236.24051221744386,247.05812826238233,7.72487437941209,F
151,Richard J. Durbin,Senate,D000563,Illinois,,Democratic,12.0,93.21,26.0,73.66,163.0,99.99000169886307,6.854499579478554,36.550202037444976,220.0,0.016433821814987315,9.251471825063078,29.547668456089216,1.0,20.578377338260168,1.0,77.44026148862528,D,6.34,35.42183048893204,-0.348,20.045419326044968,518.6364978627688,542.2056950141625,86.00174819085605,A
172,Jim Banks,Senate,B001299,Indiana,,Republican,4.0,37.09,5.0,12.55,5.0,12.109015738695101,2.4752475247524752,10.000350760064636,7.0,71.18667420081238,3.4653465346534658,65.49838529287433,3.0,78.95549716117105,0.0,26.880262246198537,R,9.29,54.71764874789382,0.647,91.48298390999723,298.9436937904942,328.9753203872358,23.306638786973092,C
176,Todd Young,Senate,Y000064,Indiana,,Republican,6.0,55.01,14.0,35.02,61.0,71.33230087695233,16.31016042780749,95.36162639721717,3.0,73.78687810750579,0.8021390374331552,79.6660200024083,3.0,78.95549716117105,0.0,26.880262246198537,R,9.29,54.71764874789382,0.439,81.82956102840784,437.925066774872,479.8049047453193,70.9165843674122,B
183,Joni Ernst,Senate,E000295,Iowa,,Republican,5.0,45.95,11.0,26.14,15.0,19.48535904628688,2.245508982035928,9.163957127750416,14.0,66.365075279786,2.095808383233533,73.25091336751925,3.0,78.95549716117105,0.0,26.880262246198537,R,6.09,33.881739743180596,0.534,86.86431189572691,334.96598795993043,360.863513413112,32.33951318724928,C
188,Chuck Grassley,Senate,G000386,Iowa,,Republican,15.0,98.52,22.0,61.55,140.0,99.86826475741525,13.23251417769376,84.65981061618257,29.0,55.1781534943094,2.74102079395085,69.70784012368816,3.0,78.95549716117105,0.0,26.880262246198537,R,6.09,33.881739743180596,0.36,76.83224253652017,546.0853540103772,585.5661570350028,92.62328457640233,A
213,Roger Marshall,Senate,M001198,Kansas,,Republican,5.0,45.95,14.0,35.02,42.0,49.01261993444431,11.38211382113821,73.4250793492584,2.0,74.41761931730336,0.5420054200542005,80.8353197234722,3.0,78.95549716117105,0.0,26.880262246198537,R,8.03,46.34206461206777,0.605,89.93361040084994,398.57264968561975,434.96586786658435,56.76939943688002,B
217,Jerry Moran,Senate,M000934,Kansas,,Republican,12.0,93.21,18.0,48.19,78.0,86.1947069589778,15.853658536585366,94.33148508782665,1.0,75.04034628523107,0.2032520325203252,82.29479988590569,3.0,78.95549716117105,0.0,26.880262246198537,R,8.03,46.34206461206777,0.414,80.32627599845938,536.34319596515,582.7396728013061,92.28222320927318,A
231,Mitch McConnell,Senate,M000355,Kentucky,,Republican,4.0,37.09,4.0,10.88,13.0,17.825654124122998,6.701030927835052,35.321578245039355,4.0,73.14826202894879,2.061855670103093,73.43141020116326,3.0,78.95549716117105,0.0,26.880262246198537,R,14.94,85.5829856734289,0.403,79.64163583747157,317.7648777567975,357.61380207549917,31.355505892561254,C
251,Rand Paul,Senate,P000603,Kentucky,,Republican,2.0,21.64,4.0,10.88,23.0,27.006257122968226,5.665024630541872,27.4754581446017,9.0,69.8424751338568,2.2167487684729066,72.60299556070063,2.0,49.67566025565114,0.0,26.880262246198537,R,14.94,85.5829856734289,0.891,97.21473034880367,256.19396807995975,290.57272654170754,14.580004184672985,F
258,Bill Cassidy,Senate,C001075,Louisiana,,Republican,13.0,95.72,24.0,67.84,52.0,61.204517724643914,10.297029702970296,65.2976239927029,6.0,71.84800146510678,1.188118811881188,77.85468377737087,3.0,78.95549716117105,0.0,26.880262246198537,R,10.75,64.14250312503815,0.465,83.3144652128217,530.2042348692117,586.2997028020695,92.70988749942599,A
266,John Kennedy,Senate,K000393,Louisiana,,Republican,5.0,45.95,12.0,28.97,22.0,25.992898490007914,2.576112412177986,10.384674804268833,37.0,48.97399502758587,4.332552693208431,60.19843127781617,3.0,78.95549716117105,0.0,26.880262246198537,R,10.75,64.14250312503815,0.56,88.05573949557204,326.4691918262803,361.7834860376186,32.620377424454226,C
270,Susan M. Collins,Senate,C001035,Maine,,Republican,3.0,28.88,32.0,87.32,4.0,11.497356706356532,16.666666666666664,96.05680362215112,0.0,75.65492745488088,0.0,83.13583541209483,3.0,78.95549716117105,0.0,26.880262246198537,R,0.0,7.6016503810867455,0.118,57.752097497689405,411.0049609504397,425.997476256899,53.76093207522638,B
284,"Angus S. King, Jr.",Senate,K000383,Maine,,Independent,5.45,50.03,18.54,50.01,30.0,34.603790603194234,8.695652173913043,52.012242697064615,15.0,65.65118397004207,4.3478260869565215,60.10304483373147,2.0,49.67566025565114,2.0,98.31351234111276,I,0.0,7.6016503810867455,-0.163,33.4002043291553,502.58211774243847,514.7957440016911,80.17348554301249,B
290,Angela D. Alsobrooks,Senate,A000382,Maryland,,Democratic,0.0,10.75,9.0,20.93,42.8,50.0,8.46,50.0,8.46,70.20818225322733,5.93,50.0,0.0,5.111406314983323,0.0,26.880262246198537,D,15.32,86.97496923321893,0.01,48.22750675428802,211.51711065660444,235.01427628968142,6.350349147181501,F
291,Chris Van Hollen,Senate,V000128,Maryland,,Democratic,4.0,37.09,27.0,76.35,29.0,33.46968753912732,4.647435897435898,20.713716121624635,116.0,5.878186059475143,18.58974358974359,2.0255408424969645,0.0,5.111406314983323,0.0,26.880262246198537,D,15.32,86.97496923321893,-0.393,17.36087803386246,240.5411514969926,263.5502135443987,9.958946464722363,F
302,Edward J. Markey,Senate,M000133,Massachusetts,,Democratic,7.0,63.81,16.0,41.48,25.0,29.090507753003475,3.16055625790139,12.823280537692627,100.0,10.504599167775208,12.64222503160556,13.871282966866117,0.0,5.111406314983323,0.0,26.880262246198537,D,13.99,81.67826796390969,-0.515,11.292641177687074,261.20409060860186,284.0136303492941,13.344144429207333,F
327,Elizabeth Warren,Senate,W000817,Massachusetts,,Democratic,2.0,21.64,16.0,41.48,53.0,62.38446763395936,5.650319829424308,27.37053750515448,159.0,0.8131442900686126,16.95095948827292,3.7266562418012295,0.0,5.111406314983323,0.0,26.880262246198537,D,13.99,81.67826796390969,-0.747,4.211377270993987,190.86311759947168,206.85438476085326,3.8787077073727096,F
333,Gary C. Peters,Senate,P000595,Michigan,,Democratic,15.0,98.52,51.0,99.7,63.0,73.40144709512995,19.148936170212767,98.89560069024881,35.0,50.52859082786585,10.638297872340424,22.30716344379937,2.0,49.67566025565114,2.0,98.31351234111276,D,0.0,7.6016503810867455,-0.247,26.90939460646218,665.630142314083,679.6458820198102,98.76649208853091,A
341,Elissa Slotkin,Senate,S001208,Michigan,,Democratic,5.45,50.03,14.0,35.02,37.0,42.87900493330123,12.758620689655173,82.1337840698672,15.0,65.65118397004207,5.172413793103448,54.87828322535091,2.0,49.67566025565114,2.0,98.31351234111276,D,0.0,7.6016503810867455,-0.326,21.44395779416806,504.1721366664355,513.4103999910946,79.84450772343214,B
344,Amy Klobuchar,Senate,K000367,Minnesota,,Democratic,22.0,99.99,61.0,99.98,91.0,93.20634322404818,14.174454828660435,88.9458232407746,36.0,49.751245708328526,5.607476635514018,52.08106510187965,1.0,20.578377338260168,1.0,77.44026148862528,D,2.53,15.624364587136913,-0.283,24.33536039360632,617.4389309978102,634.5988214194495,96.88616495104027,A
353,Tina Smith,Senate,S001203,Minnesota,,Democratic,2.0,21.64,22.0,61.55,39.0,45.32025015206532,9.19811320754717,56.27929628978681,50.0,39.0109552207373,11.79245283018868,17.140773025209054,1.0,20.578377338260168,1.0,77.44026148862528,D,2.53,15.624364587136913,-0.396,17.190433054177678,359.18875724052424,367.88815848182907,34.508508465591525,C
357,Cindy Hyde-Smith,Senate,H001079,Mississippi,,Republican,1.0,15.57,13.0,31.94,13.0,17.825654124122998,6.25,31.80233339669929,2.0,74.41761931730336,0.9615384615384616,78.92894355424002,3.0,78.95549716117105,0.0,26.880262246198537,R,10.78,64.32944662892308,0.45,82.46760551477705,297.3888600991373,328.78219450249344,23.256544115787992,C
361,Roger F. Wicker,Senate,W000437,Mississippi,,Republican,7.0,63.81,14.0,35.02,31.0,35.75187499783156,5.391304347826087,25.5555648696017,6.0,71.84800146510678,1.0434782608695654,78.54402607444835,3.0,78.95549716117105,0.0,26.880262246198537,R,10.78,64.32944662892308,0.376,77.90203629831692,401.3090358218404,442.7564195611638,59.3518887294736,B
377,Josh Hawley,Senate,H001089,Missouri,,Republican,5.0,45.95,8.0,18.58,4.0,11.497356706356532,2.051282051282051,8.498246918633951,7.0,71.18667420081238,3.589743589743589,64.75380883911764,3.0,78.95549716117105,0.0,26.880262246198537,R,8.97,52.59561992624832,0.801,95.66743833237345,321.26449432512084,353.5288751640581,30.13723597039152,C
380,Eric Schmitt,Senate,S001227,Missouri,,Republican,6.0,55.01,3.0,9.38,10.0,15.508831366318704,4.0,16.978072702104,6.0,71.84800146510678,2.4,71.60670834955864,3.0,78.95549716117105,0.0,26.880262246198537,R,8.97,52.59561992624832,0.97,98.16411368655562,340.1885062718817,374.77808325330193,36.68659139427047,C
381,Steve Daines,Senate,D000618,Montana,,Republican,6.0,55.01,19.0,51.57,19.0,23.074786893579198,5.555555555555555,26.699174199235298,1.0,75.04034628523107,0.2923976608187134,81.9177064337503,3.0,78.95549716117105,0.0,26.880262246198537,R,9.82,58.19996340211446,0.592,89.41471419485303,397.7749358799656,438.7088886932496,58.014500686864864,B
387,Tim Sheehy,Senate,S001232,Montana,,Republican,4.0,37.09,16.0,41.48,42.8,50.0,8.46,50.0,8.46,70.20818225322733,5.93,50.0,3.0,78.95549716117105,0.0,26.880262246198537,R,9.82,58.19996340211446,0.01,48.22750675428802,358.56242649696105,388.0770325193156,41.008405617785854,C
388,Deb Fischer,Senate,F000463,Nebraska,,Republican,5.0,45.95,8.0,18.58,19.0,23.074786893579198,5.428571428571429,25.812776634799917,0.0,75.65492745488088,0.0,83.13583541209483,3.0,78.95549716117105,0.0,26.880262246198537,R,10.27,61.10807280479088,0.463,83.20310056541828,347.13789447433305,382.79229677518015,39.27464791208223,C
394,Pete Ricketts,Senate,R000618,Nebraska,,Republican,5.0,45.95,11.0,26.14,37.0,42.87900493330123,5.393586005830904,25.57127396391031,2.0,74.41761931730336,0.2915451895043732,81.92133613326075,3.0,78.95549716117105,0.0,26.880262246198537,R,10.27,61.10807280479088,0.437,81.71201098304681,363.2526029057523,400.2913197497744,45.07784271594625,C
395,Catherine Cortez Masto,Senate,C001113,Nevada,,Democratic,18.0,99.79,36.0,93.07,101.0,96.41282680733367,19.09262759924385,98.86007325673225,40.0,46.6457570658433,7.561436672967864,39.589515423720755,2.0,49.67566025565114,2.0,98.31351234111276,D,0.0,7.6016503810867455,-0.36,19.30623371419069,679.7240259819297,691.4525058364478,99.05298466745656,A
399,Jacky Rosen,Senate,R000608,Nevada,,Democratic,5.0,45.95,19.0,51.57,99.0,95.8970426128873,16.89419795221843,96.4543806171623,44.0,43.56056661320863,7.508532423208192,39.91970618114296,2.0,49.67566025565114,2.0,98.31351234111276,D,0.0,7.6016503810867455,-0.287,24.057801807749556,527.7081635013622,538.0673656684685,85.20545140074304,A
403,Margaret Wood Hassan,Senate,H001076,New Hampshire,,Democratic,5.45,50.03,18.54,50.01,66.0,76.35664095437909,14.254859611231105,89.26729814852246,56.0,34.6072064019172,12.095032397408207,15.924200270804988,2.0,49.67566025565114,2.0,98.31351234111276,D,1.99,13.56296949740749,-0.236,27.722298777667,504.4777819445747,518.3126406120898,80.99396317428533,B
407,Jeanne Shaheen,Senate,S001181,New Hampshire,,Democratic,10.0,84.99,49.0,99.51,82.0,88.74104825418901,10.275689223057643,65.12874127988958,33.0,52.082384181757945,4.135338345864661,61.42442378601378,3.0,78.95549716117105,3.0,99.97613214683935,D,1.99,13.56296949740749,-0.239,27.499411014309594,682.1133728807795,700.743713750538,99.23571074768583,A
415,Cory A. Booker,Senate,B001288,New Jersey,,Democratic,6.0,55.01,37.0,94.13,39.0,45.32025015206532,13.541666666666666,86.17358446048713,16.0,64.93166533938467,5.555555555555555,52.415701801178386,0.0,5.111406314983323,0.0,26.880262246198537,D,4.27,23.59064257540729,-0.572,9.04844439932624,387.47064654871315,398.3643313807393,44.431233550720165,C
421,Andy Kim,Senate,K000394,New Jersey,,Democratic,1.0,15.57,9.0,20.93,13.0,17.825654124122998,5.2,24.256583211606724,33.0,52.082384181757945,13.2,11.972244786879148,1.0,20.578377338260168,1.0,77.44026148862528,D,4.27,23.59064257540729,-0.337,20.737718891322643,280.6312929697152,290.16139193049537,14.50031053677787,F
424,Martin Heinrich,Senate,H001046,New Mexico,,Democratic,2.0,21.64,15.0,38.21,33.0,38.08619340717676,5.9891107078039925,29.836861317178464,68.0,26.44212401418029,12.34119782214156,14.97722583349439,1.0,20.578377338260168,1.0,77.44026148862528,D,3.68,20.66700143350656,-0.331,21.121221199767543,311.65133021355905,321.3834570431581,21.383067611127043,C
432,Ben Ray Lujan,Senate,L000570,New Mexico,,Democratic,5.45,50.03,18.54,50.01,29.0,33.46968753912732,10.545454545454543,67.24051047747257,18.0,63.47667566782103,6.545454545454546,46.03356652224857,1.0,20.578377338260168,1.0,77.44026148862528,D,3.68,20.66700143350656,-0.368,18.822816996329845,430.66919882877716,443.6230435360937,59.636883066960124,B
440,Kirsten E. Gillibrand,Senate,G000555,New York,,Democratic,6.0,55.01,19.0,51.57,51.0,60.014130524388776,17.17171717171717,96.89418074944237,1.0,75.04034628523107,0.3367003367003366,81.72844362766361,1.0,20.578377338260168,1.0,77.44026148862528,D,7.69,44.09421457051246,-0.467,13.47001951611842,493.9382801332023,519.0447797785617,81.16210669028881,B
450,Charles E. Schumer,Senate,S000148,New York,,Democratic,1.0,15.57,9.0,20.93,151.0,99.9592680396934,7.688391038696538,43.43827523118825,221.0,0.015246945636893106,11.25254582484725,19.454925589180828,1.0,20.578377338260168,1.0,77.44026148862528,D,7.69,44.09421457051246,-0.354,19.673724001540617,309.0166892949317,325.68229202710097,22.46070640771589,C
472,Ted Budd,Senate,B001305,North Carolina,,Republican,4.0,37.09,12.0,28.97,28.0,32.35046742116564,18.181818181818183,98.13177914938609,1.0,75.04034628523107,0.6493506493506493,80.35787966471615,3.0,78.95549716117105,0.0,26.880262246198537,R,1.4,11.5329225064498,0.633,90.98773275355475,378.8632847027008,400.4686412550477,45.13741206314582,C
476,Thomas Tillis,Senate,T000476,North Carolina,,Republican,5.45,50.03,18.54,50.01,14.0,18.644068363171073,5.363984674329502,25.36786262828441,6.0,71.84800146510678,2.2988505747126435,72.15877217426839,3.0,78.95549716117105,0.0,26.880262246198537,R,1.4,11.5329225064498,0.388,78.68547960182603,376.8462496312908,396.0185521693285,43.64610967129391,C
481,Kevin Cramer,Senate,C001096,North Dakota,,Republican,2.0,21.64,25.0,70.82,15.0,19.48535904628688,6.493506493506493,33.684443105342744,0.0,75.65492745488088,0.0,83.13583541209483,3.0,78.95549716117105,0.0,26.880262246198537,R,18.33,94.82071069515767,0.4,79.45247832632762,352.93085111272904,400.4166206408482,45.11993512840221,C
487,John Hoeven,Senate,H001061,North Dakota,,Republican,4.0,37.09,16.0,41.48,25.0,29.090507753003475,7.78816199376947,44.28045130299373,0.0,75.65492745488088,0.0,83.13583541209483,3.0,78.95549716117105,0.0,26.880262246198537,R,18.33,94.82071069515767,0.397,79.26228110867736,364.59133446630403,413.6113143348229,49.57395775946327,B
494,Jon Husted,Senate,H001104,Ohio,,Republican,0.0,10.75,2.0,8.04,42.8,50.0,8.46,50.0,8.46,70.20818225322733,5.93,50.0,2.0,49.67566025565114,0.0,26.880262246198537,R,5.27,29.027290164569518,0.01,48.22750675428802,243.1334169182036,256.0537804130995,8.890980478109261,F
495,Bernie Moreno,Senate,M001242,Ohio,,Republican,0.0,10.75,7.0,16.4,42.8,50.0,8.46,50.0,8.46,70.20818225322733,5.93,50.0,3.0,78.95549716117105,0.0,26.880262246198537,R,5.27,29.027290164569518,0.01,48.22750675428802,280.7732538237235,295.69383753051864,15.59682133444814,F
496,James Lankford,Senate,L000575,Oklahoma,,Republican,12.0,93.21,22.0,61.55,40.0,46.54813534945343,7.858546168958743,44.876152536168654,1.0,75.04034628523107,0.1964636542239685,82.32331027656106,3.0,78.95549716117105,0.0,26.880262246198537,R,17.34,92.8189305930386,0.592,89.41471419485303,505.21752016496566,574.6982101894362,91.24639808657919,A
503,Markwayne Mullin,Senate,M001190,Oklahoma,,Republican,3.0,28.88,6.0,14.39,36.0,41.6679291709661,4.09556313993174,17.500525100655,33.0,52.082384181757945,3.754266211604096,63.76035484658175,3.0,78.95549716117105,0.0,26.880262246198537,R,17.34,92.8189305930386,0.535,86.91160168214094,292.5078930349826,332.36932760068197,24.19671695331802,C
509,Jeff Merkley,Senate,M001176,Oregon,,Democratic,6.0,55.01,32.0,87.32,70.0,79.99896202058882,7.216494845360824,39.50136381059019,102.0,9.812945560222186,10.515463917525771,22.90483777300428,0.0,5.111406314983323,0.0,26.880262246198537,D,7.65,43.83086612143544,-0.446,14.507838313961791,332.37207017486145,349.351226012287,28.91384490469161,C
517,Ron Wyden,Senate,W000779,Oregon,,Democratic,1.0,15.57,18.0,48.19,37.0,42.87900493330123,6.981132075471698,37.57454615965198,57.0,33.89126303105532,10.754716981132075,21.748990957694236,0.0,5.111406314983323,0.0,26.880262246198537,D,7.65,43.83086612143544,-0.331,21.121221199767543,206.3032248249531,217.52436187555261,4.702529476098888,F
540,John Fetterman,Senate,F000479,Pennsylvania,,Democratic,5.0,45.95,33.0,89.0,7.0,13.400147425647347,14.285714285714285,89.38885461126911,0.0,75.65492745488088,0.0,83.13583541209483,2.0,49.67566025565114,2.0,98.31351234111276,D,0.0,7.6016503810867455,-0.341,20.484353512592442,558.01041121696,567.9674525355754,90.30241226971778,A
541,David McCormick,Senate,M001243,Pennsylvania,,Republican,1.0,15.57,4.0,10.88,42.8,50.0,8.46,50.0,8.46,70.20818225322733,5.93,50.0,3.0,78.95549716117105,0.0,26.880262246198537,R,0.51,8.895060380658393,0.01,48.22750675428802,284.87312159393963,294.2764454092378,15.310824561037112,F
542,Jack Reed,Senate,R000122,Rhode Island,,Democratic,5.45,50.03,18.54,50.01,49.0,57.60629738700332,8.006535947712418,46.13228908118509,61.0,31.08738561863622,9.967320261437909,25.67852915937855,1.0,20.578377338260168,1.0,77.44026148862528,D,7.96,45.878075615200835,-0.367,18.882832349454613,405.83647043040224,428.28713772443035,54.53175351175232,B
559,Sheldon Whitehouse,Senate,W000802,Rhode Island,,Democratic,2.0,21.64,21.0,58.27,36.0,41.6679291709661,2.2929936305732483,9.332437422928425,209.0,0.0366084557040014,13.312101910828025,11.613831330864455,1.0,20.578377338260168,1.0,77.44026148862528,D,7.96,45.878075615200835,-0.356,19.55075913771082,308.38995696092627,325.5529236098642,22.427832936935125,C
568,Lindsey Graham,Senate,G000359,South Carolina,,Republican,4.0,37.09,9.0,20.93,11.0,16.25796641173857,6.547619047619048,34.10851302393759,2.0,74.41761931730336,1.1904761904761905,77.84334487648772,3.0,78.95549716117105,0.0,26.880262246198537,R,8.28,48.00279351397447,0.367,77.30379110909709,329.2263981573703,357.75540932284696,31.39811564307501,C
583,Tim Scott,Senate,S001184,South Carolina,,Republican,3.0,28.88,6.0,14.39,25.0,29.090507753003475,7.102272727272728,38.56274245525335,3.0,73.78687810750579,0.8522727272727272,79.43587265206826,0.0,5.111406314983323,0.0,26.880262246198537,R,8.28,48.00279351397447,0.634,91.02380233919325,241.5534459859794,264.14224273712273,10.04712115007791,F
590,Mike Rounds,Senate,R000605,South Dakota,,Republican,10.0,84.99,24.0,67.84,10.0,15.508831366318704,4.065040650406504,17.332558163332667,0.0,75.65492745488088,0.0,83.13583541209483,3.0,78.95549716117105,0.0,26.880262246198537,R,14.57,84.1344746068543,0.346,75.87297054177662,466.47416881175945,523.4171183567831,82.14704859468345,B
595,John Thune,Senate,T000250,South Dakota,,Republican,3.0,28.88,5.0,12.55,114.0,98.62015788802974,8.755760368663594,52.52489266250434,5.0,72.50191821081236,0.3840245775729646,81.52491176791759,3.0,78.95549716117105,0.0,26.880262246198537,R,14.57,84.1344746068543,0.432,81.4160653822053,355.73680442549806,400.14787902814027,45.02966337571841,C
608,Marsha Blackburn,Senate,B001243,Tennessee,,Republican,21.0,99.98,25.0,70.82,25.0,29.090507753003475,3.5765379113018603,14.784765078772189,23.0,59.75757463628996,3.290414878397711,66.53530658011145,3.0,78.95549716117105,0.0,26.880262246198537,R,14.26,82.84981573109387,0.631,90.91527073894656,488.70840612875725,551.413336050559,87.66743447768455,A
619,Bill Hagerty,Senate,H000601,Tennessee,,Republican,3.0,28.88,5.0,12.55,4.0,11.497356706356532,2.515723270440252,10.153308263856143,13.0,67.07311440323596,8.176100628930817,35.813560948451716,3.0,78.95549716117105,0.0,26.880262246198537,R,14.26,82.84981573109387,0.681,92.6004847696893,265.4238418726342,299.70334647584065,16.424796412945437,C
621,John Cornyn,Senate,C001056,Texas,,Republican,13.0,95.72,25.0,70.82,71.0,80.85389146055445,6.283185840707965,32.05622170556319,29.0,55.1781534943094,2.566371681415929,70.6874366990998,3.0,78.95549716117105,0.0,26.880262246198537,R,5.92,32.84947384848928,0.471,83.64569406723076,514.4385456542136,552.8528658094282,87.91474099768347,A
632,Ted Cruz,Senate,C001098,Texas,,Republican,12.0,93.21,15.0,38.21,39.0,45.32025015206532,9.653465346534654,60.08547079921118,11.0,68.47076816589363,2.722772277227723,69.810878106802,3.0,78.95549716117105,0.0,26.880262246198537,R,5.92,32.84947384848928,0.785,95.33047554500513,479.27021997717515,517.8585235271668,80.88920837395916,B
638,John R. Curtis,Senate,C001114,Utah,,Republican,5.0,45.95,9.0,20.93,13.0,17.825654124122998,8.96551724137931,54.310043692045774,0.0,75.65492745488088,0.0,83.13583541209483,3.0,78.95549716117105,0.0,26.880262246198537,R,11.01,65.75097072254248,0.446,82.23725180997977,361.11612159176786,399.708455841979,44.8821143588192,C
642,Mike Lee,Senate,L000577,Utah,,Republican,3.0,28.88,5.0,12.55,16.0,20.349338184641464,4.545454545454546,20.095008797575854,11.0,68.47076816589363,3.125,67.50436582258791,3.0,78.95549716117105,0.0,26.880262246198537,R,11.01,65.75097072254248,0.891,97.21473034880367,291.3501204748145,324.6684354156886,22.203811101751096,C
649,Bernard Sanders,Senate,S000033,Vermont,,Independent,1.0,15.57,39.0,95.87,26.0,30.160079951791392,3.3942558746736298,13.901801828388221,32.0,52.85824322222899,4.177545691906006,61.1629520697107,0.0,5.111406314983323,0.0,26.880262246198537,I,0.0,7.6016503810867455,-0.542,10.184456151993205,264.9361632218972,268.29923067672195,10.682329355543029,F
666,Peter Welch,Senate,W000800,Vermont,,Democratic,11.0,89.68,28.0,78.89,73.0,82.49527327305147,7.635983263598327,42.99706139019756,115.0,6.110105265891996,12.02928870292887,16.18360464208788,0.0,5.111406314983323,0.0,26.880262246198537,D,16.86,91.65607862444422,-0.41,16.409212206193498,391.11481377772236,430.1718068886504,55.16496810162095,B
675,Tim Kaine,Senate,K000384,Virginia,,Democratic,5.45,50.03,18.54,50.01,48.0,56.391040963374515,5.9405940594059405,29.477531043782534,76.0,21.60337580954661,9.405940594059404,28.690475280675198,1.0,20.578377338260168,1.0,77.44026148862528,D,3.49,19.773216277307483,-0.247,26.90939460646218,393.6433397777807,406.7232866534713,47.24462735406816,B
681,Mark R. Warner,Senate,W000805,Virginia,,Democratic,5.0,45.95,34.0,90.51,37.0,42.87900493330123,7.708333333333334,43.6063846786082,40.0,46.6457570658433,8.333333333333332,34.8679170938738,2.0,49.67566025565114,2.0,98.31351234111276,D,3.49,19.773216277307483,-0.207,29.921254366845417,512.7469506671506,530.5566229865901,83.68415884237373,B
689,Maria Cantwell,Senate,C000127,Washington,,Democratic,4.0,37.09,20.0,54.94,52.0,61.204517724643914,12.410501193317424,80.12045856525035,4.0,73.14826202894879,0.954653937947494,78.96109852215633,1.0,20.578377338260168,1.0,77.44026148862528,D,9.58,56.62933013333748,-0.305,22.830381971107776,451.3641132571293,482.0769681939638,71.57381673947884,B
702,Patty Murray,Senate,M001111,Washington,,Democratic,5.0,45.95,17.0,44.82,49.0,57.60629738700332,4.929577464788732,22.48308544308702,195.0,0.09531892089046368,19.61770623742455,1.3385551870347845,1.0,20.578377338260168,1.0,77.44026148862528,D,9.58,56.62933013333748,-0.352,19.79715610569904,353.0070566927047,376.4918777494331,37.23541766912044,C
718,Shelley Moore Capito,Senate,C001047,West Virginia,,Republican,6.0,55.01,29.0,81.26,52.0,61.204517724643914,11.659192825112108,75.33444449631672,1.0,75.04034628523107,0.2242152466367713,82.20657359736501,3.0,78.95549716117105,0.0,26.880262246198537,R,20.96,98.06224595605829,0.281,71.15019304798741,471.0226000478265,533.9688085662625,84.38746976507704,A
730,James C. Justice,Senate,J000312,West Virginia,,Republican,0.0,10.75,5.0,12.55,42.8,50.0,8.46,50.0,8.46,70.20818225322733,5.93,50.0,3.0,78.95549716117105,0.0,26.880262246198537,R,20.96,98.06224595605829,0.01,48.22750675428802,276.992288779515,310.8340984687432,18.86971745616743,C
731,Tammy Baldwin,Senate,B001230,Wisconsin,,Democratic,4.0,37.09,22.0,61.55,47.0,55.169720315487794,9.4188376753507,58.13383779313565,28.0,55.947932887453256,5.61122244488978,52.05691701774593,1.0,20.578377338260168,1.0,77.44026148862528,D,0.0,7.6016503810867455,-0.491,12.347736711115942,421.85687984115873,427.66817719359307,54.323534536287355,B
744,Ron Johnson,Senate,J000293,Wisconsin,,Republican,2.0,21.64,4.0,10.88,8.0,14.079985556772007,3.864734299516908,16.255850921871524,6.0,71.84800146510678,2.898550724637681,68.81190515031288,3.0,78.95549716117105,0.0,26.880262246198537,R,0.25,8.216562862511228,0.642,91.3085038052915,272.42776401536486,287.1036696275225,13.917094389104234,F
751,John Barrasso,Senate,B001261,Wyoming,,Republican,7.0,63.81,11.0,26.14,81.0,88.13833989313295,6.136363636363637,30.939474925353366,29.0,55.1781534943094,2.196969696969697,72.70948699094858,3.0,78.95549716117105,0.0,26.880262246198537,R,23.23,99.27722980821278,0.538,87.0527645729511,410.10155291753495,468.6655359997999,67.59617249698393,B
760,Cynthia M. Lummis,Senate,L000571,Wyoming,,Republican,2.0,21.64,14.0,35.02,36.0,41.6679291709661,9.022556390977442,54.79413125520599,6.0,71.84800146510678,1.5037593984962403,76.30722922873818,3.0,78.95549716117105,0.0,26.880262246198537,R,23.23,99.27722980821278,0.686,92.75490972844392,333.47032189824904,382.0418364819538,39.03007582078083,C
